CSF	WhiteMatter	GlobalSignal	stdDVARS	non-stdDVARS	vx-wisestdDVARS	FramewiseDisplacement	tCompCor00	tCompCor01	tCompCor02	tCompCor03	tCompCor04	tCompCor05	aCompCor00	aCompCor01	aCompCor02	aCompCor03	aCompCor04	aCompCor05	Cosine00	Cosine01	Cosine02	Cosine03	Cosine04	X	Y	Z	RotX	RotY	RotZ
3000.228508438835	3593.4345966875044	3383.660886631353	n/a	n/a	n/a	n/a	-0.0451453602	-0.0140895026	-0.08871219400000001	-0.0282191652	0.016492605	0.017678356699999998	0.0041489145	-0.0355557918	0.0637742638	-0.1524404891	-0.0316045743	0.11144920119999999	0.0980552714	0.098046883	0.098032903	0.098013332	0.09798817119999999	-0.0865991	-0.0523522	0.0552839	-0.00346977	0.00107054	-0.00147575
2991.9481267501037	3592.7926972232726	3383.272705508425	0.94438189	13.55697155	0.915838	0.0670242	-0.0656782679	0.0026027773000000002	0.016708165900000002	-0.0223298018	-0.0345049086	-0.1412475763	-0.0234759602	-0.0372318154	0.0387552577	-0.1600690094	-0.0236565918	0.0712140911	0.098032903	0.09795742199999999	0.0978316635	0.0976556919	0.0974295977	-0.08662309999999998	-0.0575709	0.0375946	-0.00377368	0.000994714	-0.000973642
2998.919303610619	3591.3896540497753	3384.0650669917336	0.8669132	12.44487858	0.85917366	0.0735293	-0.06572895599999999	-0.0256135469	0.0434187384	-0.0168336565	0.0719424367	-0.1271847616	-0.022171319199999998	-0.025379485299999997	0.043263601900000004	-0.1374457447	-0.0218583156	0.0153120295	0.09798817119999999	0.0977785816	0.0974295977	0.09694171689999999	0.09631563480000001	-0.0865964	-0.0468259	0.0203392	-0.00328759	0.00129104	-0.00110127
2999.0848559219826	3592.942393627665	3382.5727259273713	0.83669156	12.01103497	0.83463651	0.06953860000000002	-0.0405015341	-0.0285769914	0.0055477901	-0.014430699699999999	0.1030878094	-0.05338517	-0.0077354092000000005	-0.0227853763	0.0459458014	-0.1191591212	-0.041007801499999996	0.027533085099999997	0.0979210862	0.097510525	0.0968275308	0.095874012	0.0946526326	-0.07570839999999998	-0.0478362	0.0484075	-0.00298308	0.00110425	-0.00120141
2997.918797829154	3589.8012533905357	3380.74386130166	0.78946531	11.33308315	0.81770712	0.1185067	-0.0368786745	-0.0554385599	-0.046270567699999994	-0.0121833006	0.0700355913	0.0090767596	-0.0093760073	-0.0191580238	0.0111187415	-0.123337139	-0.0542772932	0.033445416299999996	0.0978316635	0.0971534967	0.09602669890000001	0.0944564733	0.0924500708	-0.0692859	-0.0333061	0.0187134	-0.00192902	0.00081583	-0.00118669
2992.387524990043	3590.7988821583504	3379.6272202654964	0.83218354	11.94632053	0.81442177	0.037395099999999994	-0.034068222999999995	-0.048993650199999995	-0.1008453608	0.008833642099999999	-0.0039756364	0.0375487752	-0.027178894199999998	-0.035553934100000004	0.0080618951	-0.08288948730000001	-0.0249810066	0.039884870499999996	0.0977199233	0.09670782259999999	0.0950287458	0.0926942731	0.089720505	-0.0651056	-0.0358596	0.0273192	-0.00194159	0.00050541	-0.00106857
3001.5887481901123	3593.4737036710917	3380.531113138595	0.83847809	12.03668118	0.82400793	0.054321	-0.0282668455	-0.0375661309	-0.08103885400000001	-0.0369672883	-0.0729714997	0.0084261149	-0.011754396	-0.0265748432	0.0360664327	-0.0661789112	0.0030262991999999997	0.030081354900000003	0.0975858912	0.0961739093	0.09383572009999999	0.0905938416	0.08647949490000001	-0.0632462	-0.0538189	0.044484	-0.0017168	0.00050541	-0.00119053
2997.1552102677106	3593.333543600813	3382.1998872855283	0.89907473	12.90656948	0.82624882	0.058400650000000026	-0.0276220114	-0.046047585300000006	0.0314228304	-0.008830999499999999	-0.028260475400000002	-0.0659497566	-0.022248048700000002	-0.0215569427	0.0317214951	-0.0865177039	-0.018089598000000002	0.0017061882	0.0974295977	0.0955522439	0.0924500708	0.088162843	0.0827455156	-0.0657419	-0.0424876	0.0170686	-0.00160127	0.000453495	-0.00136625
2998.251008900079	3592.825152814162	3383.101210361194	0.88730037	12.73754406	0.82866246	0.05381588	-0.0188728475	-0.0415955002	0.059338255199999995	-0.00039966519999999996	0.0490559321	-0.0578089766	-0.0040673069000000004	-0.0136686471	0.0296897231	-0.0641157307	-0.0184950907	-0.0021171959	0.09725107849999999	0.09484339369999999	0.0908746423	0.0854101477	0.0785398523	-0.0613849	-0.0245986	0.007557969999999998	-0.00131552	0.00050541	-0.00126273
3003.1322434238928	3593.353658053435	3380.5038591148623	0.84385407	12.11385536	0.81810141	0.05920183	-0.0110807619	-0.0150762343	-0.0028344305	-0.009883908299999999	0.067150592	-0.0066047187	-0.007570999	0.005282895300000001	0.024457895299999997	-0.048396676	-0.0174905117	0.011854408500000002	0.09705037429999999	0.0940480054	0.0891126687	0.08234580009999999	0.073886479	-0.0537438	-0.0339467	0.0186135	-0.00160806	0.00050541	-0.000932128
2999.815803261637	3593.7323066137956	3379.807007982893	0.79866374	11.46513081	0.81688273	0.061860749999999985	-0.012447461299999999	-0.029293836299999997	-0.0358760495	-0.016983603	0.051413318	0.061438445	-0.0099949192	-0.0056927835	0.030942714700000002	-0.021591771800000003	-0.0174140223	0.0265903548	0.0968275308	0.0931668048	0.0871677669	0.0789809816	0.0688119219	-0.0449758	-0.021578	0.0194107	-0.00113334	0.000181593	-0.000932128
3002.974851167972	3592.424145957859	3379.617788591057	0.82626611	11.8613739	0.83571309	0.04283365000000001	-0.010338714799999999	-0.0207240103	-0.08151866769999999	-0.0098440512	-0.0451534586	0.02234365	0.0010540009	-0.002901558	0.0283005006	-0.011024196299999999	0.0065957406	-0.0159629098	0.0965825991	0.092200596	0.08504392919999999	0.07532797	0.06334510809999999	-0.039928	-0.0138043	0.03114	-0.00113334	-0.000125218	-0.0008732819999999999
3002.0856817362555	3592.9449580200344	3378.060101637738	0.84478945	12.1272831	0.8475737	0.029797449999999993	-0.0160325513	0.0016502855	0.0167554575	-0.0241749692	-0.0866646457	-0.0443110071	-0.0090875782	-0.0111768929	0.0097926986	-0.0269014515	0.0367012685	-0.0084485153	0.09631563480000001	0.09115026039999999	0.0827455156	0.0714000949	0.0575172008	-0.0235069	-0.0220345	0.0311592	-0.00113334	-0.000168911	-0.000932128
3002.4552354338057	3590.1303771233174	3376.5227932055627	0.92079097	13.21831512	0.81080317	0.0526322	-0.0152459111	-0.0276374842	0.0602663616	-0.015217361	-0.0174193573	-0.04090223	-0.009669815600000001	0.0042689716	-0.0067997659	-0.0134080572	0.0040099057	-0.071646983	0.09602669890000001	0.0900167565	0.080277244	0.06721168849999999	0.051361421399999996	-0.0197494	-0.0143759	0.0180333	-0.000759792	-0.000357167	-0.000932128
3006.084247211503	3593.389719821092	3376.265508245186	0.86023521	12.34901333	0.8075946	0.04328225	-0.0038580790999999995	-0.0069941875	0.0486373816	-0.0023022147	0.0647068745	-0.0457303113	-0.0057084926	0.0098045662	0.008598000699999999	0.0062773377	0.0206066679	-0.010904681599999999	0.0957158574	0.08880111859999999	0.0776441814	0.06277803400000001	0.0449128604	-0.0191654	-0.0125941	0.0275705	-0.00051652	-0.000496331	-0.000686979
3007.8165301687677	3592.0405288872857	3375.4594339084038	0.86302042	12.38899612	0.82344103	0.0334456	0.0037323626	0.022533692	0.0206458897	-0.0243174371	0.0780693104	0.0179805648	0.0008249510000000001	0.0136843244	0.0089346828	0.0128607726	-0.0291944548	-0.023509789	0.095383181	0.0875044557	0.07485173269999999	0.0581153092	0.038208277400000004	-0.0170095	-0.0139287	0.0382151	-0.000304081	-0.000540625	-0.000557502
3006.3049836266573	3589.8430049037524	3376.949055293156	0.80348051	11.53427696	0.81958061	0.04375205000000001	0.0037016259000000004	-0.0070805863	-0.0329582113	0.0078806386	0.0446779213	0.0397094642	-0.0055943004	0.01874976	-0.013231338	0.0145574462	-0.0086031904	-0.0688247358	0.0950287458	0.08612795109999999	0.07190563030000001	0.053240527999999995	0.0312858913	-0.0169885	-0.0157189	0.0161148	-0.000319264	-0.00090905	-0.000570705
3006.6951449218604	3591.5005640196227	3377.727360556687	0.81740987	11.73423862	0.80379391	0.05668505	0.012763441	-0.0098881356	-0.08916553140000001	0.0185162571	-0.024926467999999997	0.0511798636	0.0051738860999999995	0.0111305669	-0.0137939979	0.0323729601	0.0327390736	0.027719617000000002	0.0946526326	0.08467286060000001	0.0688119219	0.0481714778	0.0241851625	-0.016992199999999996	-0.0185869	0.0344015	-0.000116929	-0.000436869	-0.000606722
3006.1358353586543	3593.720286024581	3377.9461230813426	0.82174993	11.79654217	0.8016665	0.0509036	0.015638418600000002	-0.0078227722	-0.0238278631	-0.040786821	-0.100519207	0.031926002200000005	0.0161744978	0.0126828213	0.0188862346	0.0552658489	0.0106224745	-0.018884421000000002	0.09425492710000001	0.083140512	0.0655769581	0.0429266552	0.0169465682	-0.0110181	-0.0143676	0.0319347	0.000116384	-0.00090905	-0.000547348
3005.5700254122917	3590.219409620791	3376.5169260009548	1.03651297	14.87954903	0.96423328	0.10936711799999999	0.0074671275	0.0012080230000000001	0.0488650613	0.0401234115	-0.0372676539	-0.0598317206	-0.0150444593	0.0136630456	-0.0270442427	0.0492882055	-6.53571e-05	-0.0594691345	0.09383572009999999	0.08153230339999999	0.0622073795	0.0375251979	0.0096113714	0.0176675	-0.000588372	0.00380611	-0.000116929	-0.000730732	-0.000183505
3008.330060437853	3592.8073623421224	3383.033033062335	1.08745468	15.61083794	0.97722834	0.074586543	0.0071809069	0.00351006	0.0302917676	-0.00043645980000000005	0.0273869144	-0.0022746474	0.007704888000000001	0.023070281800000002	0.0008909447999999999	0.0552347614	-0.023300708700000002	-0.0334478794	0.09339510720000001	0.0798497022	0.058710103300000004	0.031986815099999996	0.0022213857	0.00356535	-0.0088185	0.0161353	-0.000116929	-7.655199999999998e-05	-3.91835e-05
3012.8604125774273	3591.5836663597515	3385.0930241268584	0.96537668	13.85836029	0.85336059	0.03671975000000001	0.00943927	0.0431254927	-0.04824341099999999	-0.006109706899999999	0.0495270612	0.0644341421	-0.0012649311	0.027351679900000002	-0.0150475648	0.0393508744	0.026850070499999996	-0.0289519765	0.092933189	0.0780942437	0.0550923084	0.026331716	-0.0051812628	0.0256301	-0.00882807	0.0161154	-0.00021711	-0.000150623	7.90751e-05
3013.598690136379	3596.314489452301	3384.502654719069	0.89037156	12.78163242	0.83050615	0.056713045	0.0125535425	0.0572538849	-0.0637416533	-0.0325745304	-0.045415936	0.04599693	0.015548453	0.0359559864	0.047323273799999996	0.065887918	-0.0055056982999999995	-0.009358723900000001	0.0924500708	0.0762675296	0.051361421399999996	0.0205805353	-0.012554375900000001	0.015368	-0.00884187	-0.0057073	0.000196927	-0.000150623	0.000157327
3009.250072113041	3594.5924198409643	3381.9126967500642	0.89968222	12.91529083	0.82394981	0.04705042	0.0196060316	0.061612499800000005	0.008884550699999999	0.0020861228	-0.0894266167	-0.0481889738	-0.0138525055	0.0341071565	0.0015441131	0.062929688	0.018779731	-0.0120367273	0.0919458628	0.0743712266	0.04752510099999999	0.014754258400000001	-0.019855923799999998	0.0256267	0.00213295	-0.013062	0.000566171	-0.000150623	0.000157327
3009.715610191616	3592.114255167823	3382.9921969913776	0.78683817	11.2953701	0.8003248	0.02034925	0.0309295588	0.044739468399999996	0.0663085248	0.0057464822999999995	-0.0267584011	-0.0424759484	0.0008194766000000001	0.0272096576	-0.0224222686	0.0542969882	0.050486948399999995	-0.03418907	0.0914206801	0.072407065	0.0435912223	0.0088741449	-0.0270442847	0.0256267	-0.00387898	0.0007465199999999998	0.000555595	-0.000150623	0.000157327
3016.8061451513036	3594.0510125025908	3386.829220711655	0.78279716	11.23736	0.79341954	0.07974599999999998	0.0277520008	0.065924658	0.10556944060000001	-0.0192703829	0.005619706800000001	0.0044283382000000005	0.008762258299999999	0.0463963502	-0.0021396479	0.07961182809999999	0.0110690273	-0.054853299	0.0908746423	0.0703768369	0.0395678606	0.0029616505	-0.0340784819	0.0205778	0.00763675	-0.0130659	0.00118089	-0.000512706	0.000157326
3016.233973127812	3594.2706687362315	3388.6970655948826	0.83108503	11.93055058	0.80758983	0.04593807	0.0404076545	0.054164635999999995	0.057875615400000004	0.0100469896	0.0392291053	-0.0238529456	0.0066330525	0.0364922539	-0.0060081129	0.11381026359999999	0.0473684597	-0.0480047434	0.0903078742	0.06828239480000001	0.035463275	-0.0029616505	-0.0409184175	0.0256209	0.00762923	-0.0325393	0.00146478	-0.000368316	0.000157327
3017.1375263860828	3596.5422395493506	3389.1266932178664	0.85329497	12.24938297	0.82932872	0.033698839999999994	0.0428857147	0.0670402672	0.0049889025	0.0177080295	0.0669407083	0.0522537323	0.0089771506	0.0574722275	-0.0071100233	0.12114720359999999	0.07065038929999999	0.0162047937	0.089720505	0.0661256498	0.0312858913	-0.0088741449	-0.04752510099999999	0.0213443	0.00763647	-0.0130667	0.00132412	-0.000310128	0.000157327
3022.269509732369	3597.377590362721	3390.221974686208	0.80837268	11.60450649	0.81415695	0.017695579999999995	0.029284431800000003	0.10256202689999999	-0.0623212713	0.0203143687	0.0102624369	0.10755147179999999	0.010220910500000001	0.0590995167	0.0046648576	0.1496433079	0.0348931358	0.051622477400000005	0.0891126687	0.0639085696	0.0270442847	-0.014754258400000001	-0.0538608716	0.0256247	0.0153545	-0.0136154	0.00142652	-0.000310697	0.000157327
3026.501259164979	3598.552883439177	3389.600173630581	0.80254894	11.52090454	0.79851407	0.034235175	0.0325072787	0.12429804009999999	-0.0590649873	0.041429633199999996	-0.06803207780000001	0.0015169329999999998	0.0079308698	0.0655751206	0.0149913866	0.1415889685	0.0622966854	0.0141526868	0.088484504	0.0616331773	0.0227471623	-0.0205805353	-0.0598896127	0.0218934	0.00763368	-0.0151165	0.00155438	-0.00053343	8.22809e-05
3024.7895838053664	3596.1611067338845	3387.8044356834666	0.80942482	11.61960983	0.7931152	0.039693605	0.0226438893	0.1343010235	-0.029896787200000004	0.0286205502	-0.0809962808	-0.0379849296	0.0066532026	0.054450816900000004	0.0076166420999999995	0.1114272847	0.0924272486	-0.0048728231	0.087836154	0.059301549	0.0184033451	-0.026331716	-0.0655769581	0.0299824	0.00763792	-0.00462024	0.00125249	-0.000488284	0.000157327
3020.246922429613	3594.571023192157	3387.533012749399	0.85393602	12.25858593	0.79502589	0.05041720999999999	0.0397171164	0.0970938577	0.04726116440000001	0.0276920471	-0.0356257802	-0.0400969721	0.0140051545	0.0558350092	-0.0062692503	0.1311101671	0.041796181200000004	-0.059815559500000004	0.0871677669	0.0569158121	0.01402175	-0.031986815099999996	-0.07089048740000001	0.0234046	0.00763282	-0.0211598	0.00169645	-0.000386349	0.000157327
3019.0041044931672	3592.367569051273	3389.120981345701	0.9036206	12.97182751	0.8579399	0.05326923	0.0568743461	0.0762364389	0.0854416217	0.0275929979	0.048677593	-0.0376761886	0.0071151697	0.0617695368	-0.0349799277	0.09593051820000001	0.0305717623	-0.059676159699999995	0.08647949490000001	0.0544781434	0.0096113714	-0.0375251979	-0.0757999113	0.0113894	0.0317453	-0.0252001	0.00180322	-0.000541604	0.000157327
3018.8031458395208	3596.509303134889	3389.5712463771088	0.94985384	13.6355238	0.89528942	0.11155982	0.0790113353	0.0821773678	0.031790021099999996	-0.0236295259	0.0386283906	0.0798099118	0.0268081112	0.0811058414	-0.0105298922	0.1508697152	-0.0519533483	-0.0296470509	0.08577149519999999	0.051990767199999996	0.0051812628	-0.0429266552	-0.080277244	0.0114225	0.00768267	0.0326382	0.00188396	-0.000254933	-6.77778e-05
3007.9390693065006	3593.8946647055004	3378.498218040268	1.43622482	20.61756897	1.33356822	0.47998672	0.1953349366	0.1468150055	0.16581739550000002	0.009922444300000001	-0.0598557496	0.2789001325	0.0671592298	0.0543511423	-0.08552798119999999	0.2593269862	-0.2528716735	0.2002388177	0.08504392919999999	0.0494559531	0.0007405182000000001	-0.0481714778	-0.084296963	0.050817	-0.007948969999999998	0.246992	0.00563483	-5.47482e-05	0.000193303
2951.160988585474	3563.2610745938373	3363.291293061295	3.17894506	45.63500214	2.84620547	0.82476529	-0.023610018599999998	-0.049074191100000004	-0.023684151400000002	0.581083775	-0.1510342986	-0.0556327097	-0.2359262812	-0.2418862896	-0.4416899017	0.05516356360000001	0.3072570997	0.1891274523	0.084296963	0.046876013700000004	-0.0037017465000000003	-0.053240527999999995	-0.087836154	0.0292932	-0.0918044	-0.349261	0.00495402	0.00100238	-0.00053142
3026.1471957421727	3608.9847514486823	3378.8051303405296	3.19548249	45.87240219	2.87919736	0.6632068000000001	-0.3501278806	-0.054451468899999994	-0.0364802952	0.2169640942	0.0037924023	0.25951354670000004	-0.2585839971	-0.2262115794	0.17497623329999998	0.3264763317	0.34332134950000004	0.1448028742	0.0835307668	0.0442533033	-0.0081364123	-0.0581153092	-0.0908746423	-0.037168	-0.251746	-0.655077	0.00437379	0.00128486	-0.00228847
2974.341493215123	3557.78321195003	3356.4922630178285	4.33738804	62.26490402	4.12296247	1.4858059	0.0010232092999999999	0.1194780382	-0.0167857798	-0.4027875941	-0.158772193	-0.0472804208	0.7889251709999999	-0.4168743078	-0.21626705420000003	-0.1168453517	0.1399514819	0.0176983242	0.0827455156	0.0415902147	-0.012554375900000001	-0.06277803400000001	-0.09339510720000001	-0.0962265	-0.128272	-0.0186136	-0.00725427	0.00234549	-0.00164096
2975.289442707266	3591.5813423791674	3379.1125358892987	3.27716112	47.0449295	3.25340891	0.5786499599999999	0.030662076400000002	0.0720858189	0.025260603	0.06510747019999999	-0.0008727661	-0.0673269123	-0.0413123908	-0.0097613881	-0.1092143494	0.0185917908	-0.035876563199999996	0.055214323600000004	0.0819413884	0.038889177999999996	-0.0169465682	-0.06721168849999999	-0.095383181	-0.145778	-0.00754012	0.007693229999999999	-0.000285315	0.00174404	-0.00157017
3017.9929491478133	3591.833374066434	3374.7354486584168	1.13752246	16.32958031	1.03711939	0.06536948900000002	0.070538285	-0.0330359351	0.0830902872	-0.0181684172	0.0511224306	0.045995067800000004	0.0279048857	0.055132228	-0.0345895635	0.0740066168	-0.0533988092	-0.1241193399	0.08111856860000001	0.0361526575	-0.021303972999999997	-0.0714000949	-0.0968275308	-0.145789	0.000621399	0.0122397	0.000546705	0.0015755	-0.00162262
2995.5053577010685	3590.9196490113604	3361.1997122914167	0.95009077	13.6389246	0.91360849	0.04476953100000001	0.1083365339	-0.11973695529999999	0.0214625323	-0.0248449089	0.0437477517	0.1093228028	0.0096857839	0.043041531699999996	-0.056885512400000005	0.054112681600000004	-0.09186463140000001	-0.1297024188	0.080277244	0.0333831503	-0.0256176456	-0.07532797	-0.0977199233	-0.145784	0.00435978	0.037833	0.000364468	0.0015755	-0.00174904
2996.5793039815608	3584.96064224979	3359.0874477858943	1.08988249	15.64568996	0.89033329	0.12097242	0.1176942707	-0.1661651339	0.0206938422	-0.0388906582	-0.032014302599999996	0.1898008949	0.0233771752	0.0383593703	-0.0928777171	0.056670887999999996	-0.1281545824	-0.1820262516	0.0794176065	0.0305831832	-0.029878730899999997	-0.0789809816	-0.0980552714	-0.122623	0.007556949999999998	0.0583564	0.000620829	0.000846074	-0.00125301
2992.55003456887	3586.6367130730628	3359.2825534582585	0.84640086	12.15041542	0.83258104	0.06912004999999999	0.11811198980000001	-0.1346915148	-0.0028360637	-0.0454724552	-0.126514959	0.17484535469999998	0.0201373532	0.0315037224	-0.0883102261	0.0749359315	-0.1145273326	-0.1518215527	0.0785398523	0.0277553111	-0.0340784819	-0.08234580009999999	-0.0978316635	-0.11605	0.0102036	0.0420847	0.000999063	0.000610754	-0.00151203
2992.691798244013	3587.8108842278557	3360.200726011828	0.90866089	13.04418278	0.83943808	0.06650875000000002	0.11967075699999999	-0.1498144439	0.061793225199999996	-0.044272647000000005	-0.1614048414	0.078104115	0.013752328999999999	0.0376361552	-0.0828380354	0.0698104509	-0.11296987509999999	-0.1877645738	0.0776441814	0.0249021141	-0.038208277400000004	-0.0854101477	-0.09705037429999999	-0.110846	0.0181126	0.0500989	0.00150209	0.000656918	-0.00115359
2998.9596889697805	3590.358928592982	3368.453912600057	0.95113516	13.65391731	0.91881943	0.09039535	0.11973434289999998	-0.1422785909	0.1358025756	-0.048021253	-0.0419071172	0.12374953550000001	0.0208956655	0.044790591500000004	-0.047277401600000005	0.08084652490000001	-0.1248262888	-0.2286344093	0.0767307983	0.022026195699999997	-0.04225964	-0.088162843	-0.0957158574	-0.13264200000000004	0.0116336	0.042038	0.000772792	0.000901319	-0.00126108
2984.062055537309	3581.5299660870332	3343.041806864694	2.6628983	38.22694778	2.42442441	0.48466495	0.049487079100000005	-0.2322205789	0.0628447792	0.1445815474	0.0853198937	-0.0202334578	-0.116961143	-0.0177220095	-0.1470214714	-0.1306090058	-0.13073613039999998	0.0459383138	0.0757999113	0.01913018	-0.046224253099999994	-0.0905938416	-0.09383572009999999	-0.168016	-0.111513	0.0619552	-0.00475022	0.00107578	-0.00168815
3013.343377215093	3594.330050446965	3387.980198384057	3.04540491	43.71797943	2.69202828	0.53603228	-0.0357133452	-0.1153520476	-0.0496160305	-0.0902073586	0.1245604381	-0.0519191531	-0.047848437599999995	0.0464790075	0.046342618499999995	-0.1913965345	-0.1027535569	-0.0170709644	0.07485173269999999	0.0162167092	-0.0500939782	-0.0926942731	-0.0914206801	-0.199853	-0.13331	0.00277142	-0.00992612	0.00285352	-0.0031988
3000.916304298837	3592.773063594219	3385.1178555101496	1.516734	21.77330971	1.37054384	0.37323712	-0.028788284100000002	-0.1343007893	-0.051795400400000004	0.0425921747	0.046816975999999996	-0.0196347552	-0.0399003808	-0.013382986599999999	-0.0016352102999999999	-0.1783472462	-0.0163613443	0.0602593159	0.073886479	0.0132884419	-0.0538608716	-0.0944564733	-0.088484504	-0.162449	-0.109016	-0.0314377	-0.00588322	0.00228735	-0.00226127
3010.9928663281707	3597.837578243457	3394.2736296342737	1.01768219	14.60922623	0.96520424	0.09298079999999997	-0.0194697052	-0.1248041899	-0.074558261	-0.0812580375	-0.0803525301	-0.0322388536	-0.0062910836	0.0227515808	0.0754028236	-0.1523893543	-0.058176283499999995	-0.007678253	0.0729043701	0.0103480497	-0.0575172008	-0.095874012	-0.08504392919999999	-0.167061	-0.0875861	-0.0419926	-0.00565535	0.00185201	-0.00272574
3013.749305397093	3597.626576834058	3395.6665797623696	0.91128045	13.08178806	0.83655024	0.05695929999999998	-0.0273987338	-0.0527267688	-0.034185432200000004	-0.0174717491	-0.037593526099999997	-0.1559100289	-0.014651766799999999	0.0162172568	0.0456880384	-0.1699824657	-0.0123696539	0.0454374393	0.07190563030000001	0.0073982156999999995	-0.0610554601	-0.09694171689999999	-0.08111856860000001	-0.160084	-0.073993	-0.0383104	-0.00534676	0.00190835	-0.00243653
3014.5148292428803	3597.5328963754187	3400.5650715396864	0.82998127	11.91470623	0.8509618	0.0829052	-0.0155813449	-0.08436022550000001	0.0353216074	-0.0316749068	0.0075604960999999995	-0.1015473632	-0.0098980107	-0.0018563394	0.0475454073	-0.1426282086	-0.0519076822	0.0353042004	0.07089048740000001	0.0044416313	-0.0644683864	-0.0976556919	-0.0767307983	-0.147284	-0.0665935	-0.0409171	-0.00430944	0.00174369	-0.00243653
3019.049330563187	3598.8410570313595	3405.0825193091414	0.91894227	13.19177628	0.86865377	0.09820980000000003	-0.0233021517	-0.026581746	0.0260973225	0.0189234401	0.0863107719	-0.1048456144	-0.0156392282	0.0128880086	0.0602842238	-0.12702605779999998	-0.0096717843	0.0472858314	0.06985917280000001	0.0014809942	-0.0677489736	-0.098013332	-0.07190563030000001	-0.128847	-0.0705273	-0.0652851	-0.00372953	0.00139264	-0.00233807
3025.8429224882057	3599.8474207606732	3405.2188330298936	0.91935366	13.19768143	0.86085749	0.05942669999999998	-0.0301924856	0.0444391259	-0.0021432320999999997	-0.0448784239	0.0905055868	-0.0154252192	-0.00040884730000000005	0.0196309364	0.0665856447	-0.1144879696	-0.0398095608	0.0813380846	0.0688119219	-0.0014809942	-0.07089048740000001	-0.098013332	-0.06667057030000001	-0.122591	-0.0504187	-0.0551725	-0.00357184	0.00121213	-0.00221728
3033.187249002906	3604.063922909229	3406.41643222396	0.87868255	12.61383247	0.85936624	0.0752334	-0.044133097999999996	0.1409347902	-0.09467694019999999	0.006066408299999999	-0.0071074658	-0.011968544099999999	-0.0072800852000000004	0.025403912200000003	0.0988705941	-0.0827897581	-0.0088622478	0.1365927103	0.0677489736	-0.0044416313	-0.073886479	-0.0976556919	-0.0610554601	-0.111107	-0.0450163	-0.0451005	-0.00279774	0.0013971700000000003	-0.00222364
3034.532275091479	3605.530595068321	3405.537967537562	0.85938483	12.33680534	0.84421408	0.09028125	-0.05038631389999999	0.1709201352	0.0306444153	-0.0415306925	-0.037367621499999996	-0.10266924449999999	-0.01663289	0.0214081213	0.0850723439	-0.0648163408	-0.022606458500000003	0.1001096245	0.06667057030000001	-0.0073982156999999995	-0.0767307983	-0.09694171689999999	-0.0550923084	-0.11115100000000001	-0.0425651	-0.0418225	-0.00227472	0.000821049	-0.00163262
3032.374839414807	3600.832467978441	3402.8984748831012	0.9754833	14.00344467	0.83739001	0.07762249999999998	-0.0521719282	0.0940754505	0.0225496125	0.0080940605	0.0489671643	-0.1618616134	-0.0157488688	0.0221851629	0.0657105872	-0.0747403054	0.0087638755	0.011437765	0.0655769581	-0.0103480497	-0.0794176065	-0.095874012	-0.0488151074	-0.0982224	-0.0203717	-0.0556989	-0.00170597	0.000824781	-0.00163262
3029.1189772912953	3597.4355296027557	3399.0617345763203	0.8546682	12.26909637	0.80905604	0.09811897000000003	-0.0242574768	0.0432503303	0.0556761978	-0.0014860879999999998	0.0736256057	-0.0813703559	-0.0021900804	0.0188702876	0.0234904516	-0.0534084876	0.011640723600000001	0.0039242089	0.0644683864	-0.0132884419	-0.0819413884	-0.0944564733	-0.04225964	-0.09143440000000001	-0.00461823	-0.0310943	-0.0010112500000000002	0.000905349	-0.00138845
3032.455195215055	3600.711781262695	3397.0979896482067	0.821298	11.79005432	0.80856013	0.06306104	-0.0054699907	0.0256920223	0.038431811600000004	-0.036796349900000004	0.1065111969	-0.0416943578	-0.0021896521	0.0331946008	0.059376519100000004	-0.025351159900000003	-0.0015171861999999999	0.0024938303	0.06334510809999999	-0.0162167092	-0.084296963	-0.0926942731	-0.035463275	-0.07639949999999998	-0.00462322	-0.0290625	-0.000413924	0.000676188	-0.00129515
3029.424910217559	3597.708236703474	3395.4577230847626	0.8333621	11.96323967	0.81105685	0.06447145	-0.014476969	0.0193153748	-0.0436659414	0.021937517900000002	0.13813622960000002	-0.0532175133	-0.0115667558	0.0237601414	0.0181958715	-0.0385707992	0.0175739974	-0.0119938675	0.0622073795	-0.01913018	-0.08647949490000001	-0.0905938416	-0.0284647545	-0.0581796	-0.00464122	-0.0250101	-0.000149035	0.000124794	-0.00132249
3024.927474911825	3600.805702133116	3395.373396666353	0.86750358	12.45335388	0.8276695	0.045314065	-0.0085183563	0.0002504344	-0.0809350929	-0.004134471	0.0312271418	0.062072666500000005	0.0003210405	-0.0008657782000000001	0.0375903976	-0.0295595791	0.0462679328	0.0588545913	0.0610554601	-0.022026195699999997	-0.088484504	-0.088162843	-0.021303972999999997	-0.0427545	0.00289089	-0.0250096	-0.000149035	-6.27231e-05	-0.00106288
3032.7683200545976	3603.172636287358	3394.729148716085	0.86098969	12.35984421	0.81388772	0.060123509999999984	-0.015979392	0.0388082788	-0.0734848437	-0.0119394938	-0.049318615	-0.005990034599999999	-0.0058607703	0.0169961104	0.0669535413	-0.0113329413	0.0098396853	0.0639831545	0.0598896127	-0.0249021141	-0.0903078742	-0.0854101477	-0.01402175	-0.0428668	0.0142817	-0.0407454	0.000293411	-6.27231e-05	-0.000847634
3034.320943485994	3601.0393022502467	3392.8643750542305	0.78227377	11.229846	0.78705376	0.057623625	-0.032234712799999996	0.0586350981	-0.0505383471	-0.0123105852	-0.0412529757	-0.0725398634	-0.0146589435	0.014069644499999999	0.052994111600000005	-0.0335128777	0.0475439932	0.0248422212	0.058710103300000004	-0.0277553111	-0.0919458628	-0.08234580009999999	-0.006659597099999999	-0.0349746	0.00176652	-0.0363161	0.000650287	-0.000270261	-0.000756309
3031.400750084025	3601.401442534749	3394.572573654831	0.83879226	12.0411911	0.82688767	0.045147325	-0.025647455	0.0006772629	0.0059357644	-0.0144678581	-0.0065726915	-0.0860518599	-0.0142554151	0.0136891806	0.044466012699999995	-0.012811220600000001	0.031327068900000005	-6.51526e-05	0.0575172008	-0.0305831832	-0.09339510720000001	-0.0789809816	0.0007405182000000001	-0.0340656	0.0067169	-0.0279345	0.000943368	-6.27231e-05	-0.000873817
3028.4895465736495	3600.019235049225	3394.4164209887067	0.89787799	12.88938999	0.82475984	0.052260645	-0.0173693391	-0.0040815919	0.030612625299999998	0.0026004904999999997	0.0802969275	-0.0650676652	0.00014656370000000002	0.0037536787	0.032474273399999996	-0.0072469735	0.025932480299999998	0.006267160799999999	0.0563111775	-0.0333831503	-0.0946526326	-0.07532797	0.0081364123	-0.0408196	0.0135346	-0.0449493	0.00109396	-0.000120522	-0.000648725
3034.189276150638	3601.062942742375	3395.4066895778546	0.91025084	13.06700706	0.834396	0.07085665	-0.0272086044	-0.0019449822000000001	-0.0378958489	0.0200052111	0.1008130801	-0.0504933168	-0.0158447566	0.0196503744	0.045313352599999995	-0.033503578799999996	0.0647370824	-0.0194034896	0.0550923084	-0.0361526575	-0.0957158574	-0.0714000949	0.015485925400000001	-0.0156683	0.0225176	-0.0366036	0.000943368	-0.000537463	-0.000648725
3032.2408208770316	3600.3743232547195	3393.9848503481026	0.80537355	11.56145287	0.80975121	0.07315887	-0.023985582400000004	0.018300216299999998	-0.0509082696	-0.0214880954	0.0807090099	0.052199319	-0.0188866105	-0.0017341639000000002	0.027510808199999997	0.0024870954	0.0523401185	0.0256006794	0.0538608716	-0.038889177999999996	-0.0965825991	-0.06721168849999999	0.0227471623	0.00115877	0.0291885	-0.0357484	0.00144863	-0.000834635	-0.000475045
3030.8099067472217	3598.5280408881295	3393.244906737652	0.79258204	11.37782574	0.81383461	0.03459351	-0.0377411512	0.0183135644	-0.0972894901	0.0289648432	0.037321477799999996	0.048022283799999996	-0.0101002155	-0.0096883331	0.0293127038	0.0033042934999999996	0.067736479	-0.0016907179	0.052617147999999996	-0.0415902147	-0.09725107849999999	-0.06277803400000001	0.029878730899999997	0.00274113	0.0346705	-0.0448035	0.0016439	-0.000905474	-0.000371673
3030.812672867715	3601.147647827733	3390.594309179021	0.83152068	11.93680477	0.78946805	0.021097759999999997	-0.0364607605	0.011765742	-0.1145416763	-0.0033267919	-0.023767010699999997	0.0512307438	-0.0160309991	-0.00037533269999999994	0.047759778499999996	-0.0082019667	0.0631367671	0.0269941783	0.051361421399999996	-0.0442533033	-0.0977199233	-0.0581153092	0.0368399782	0.00274829	0.0383698	-0.0448038	0.00147912	-0.000879791	-0.000214316
3030.551412787373	3599.9182620997963	3391.408899546604	0.8059206	11.56930542	0.79777098	0.05943203	-0.0399176666	-0.0019328001000000002	-0.05774355849999999	-0.0324740837	-0.079281678	-0.0182783379	-0.013714746100000001	0.0018227448000000001	0.0284671419	-0.0111218438	0.0357005608	-0.0215454973	0.0500939782	-0.046876013700000004	-0.09798817119999999	-0.053240527999999995	0.0435912223	0.00569662	0.0443433	-0.0485112	0.00230451	-0.0009637920000000002	-0.000187651
3027.7946971064002	3598.946357392905	3390.605719297743	0.76329601	10.95741272	0.76988161	0.010200149999999988	-0.0337447587	-0.019632585	-0.022272390899999998	-0.0229264048	-0.0841635219	-0.0572135007	-0.0301953809	-0.0057087976	0.0163351393	-0.0112162084	0.0377422674	-0.0580435639	0.0488151074	-0.0494559531	-0.0980552714	-0.0481714778	0.0500939782	0.00688737	0.0480149	-0.0521715	0.00232011	-0.000959813	-0.000201622
3027.453219531831	3598.135849130584	3390.2192822578963	0.66078651	9.48584938	0.73879915	0.03691698	-0.0372139466	-0.0546079592	-0.0147305193	-0.011126798500000002	-0.0336057732	-0.0798891888	-0.0282653442	-0.017966361299999997	0.0009287454	-0.0197998553	0.0626364668	-0.0499848506	0.04752510099999999	-0.051990767199999996	-0.0979210862	-0.0429266552	0.0563111775	0.0168428	0.0480003	-0.0521818	0.00247374	-0.0007615919999999998	-1.474e-05
3029.072091548975	3598.115654540697	3392.507908992572	0.7283932	10.4563694	0.78223383	0.036044255000000004	-0.0396894831	-0.06548295059999999	0.0625081035	-0.0291344669	0.023591004500000002	-0.06279564950000001	-0.020730446899999998	-0.0220459134	0.014162183600000001	-0.0368367358	0.0549083835	-0.0322404537	0.046224253099999994	-0.0544781434	-0.0975858912	-0.0375251979	0.0622073795	0.0150342	0.0480061	-0.0398685	0.00232011	-0.000992138	-6.88951e-05
3030.9590006416693	3600.6135329801546	3394.008245587958	0.81340641	11.67676735	0.79690152	0.022303365000000006	-0.028549468300000002	-0.0500714	0.0057417305	-0.019073589499999998	0.0685906097	-0.0309275608	-0.0097907215	-0.011487394	0.0491556576	-0.0079082179	0.0290545216	-0.0405286487	0.0449128604	-0.0569158121	-0.09705037429999999	-0.031986815099999996	0.0677489736	0.0110445	0.048008	-0.0521772	0.00243427	-0.0009924	-7.45344e-05
3037.3335253123523	3600.2680612460344	3397.1501949609496	0.80777943	11.59599018	0.78191161	0.01328548000000002	-0.0558808458	-0.0268439529	-0.0479630172	-0.012060681200000001	0.09422719730000001	0.0033272903	-0.015057892199999999	-0.012670463600000001	0.0446567958	-0.0442886188	0.012891982199999999	-0.0331957089	0.0435912223	-0.059301549	-0.09631563480000001	-0.026331716	0.0729043701	0.0168942	0.0480097	-0.0521758	0.00232011	-0.000975745	-9.2373e-05
3033.14741686784	3598.406552799767	3397.9605423013536	0.78768474	11.30752277	0.7826643	0.039717990000000016	-0.0565757809	0.0029581606	-0.10723466890000001	0.0148989751	-0.0033690339000000003	0.046581097099999996	-0.011389619699999999	-0.0348805145	0.0323585014	-0.0262335237	0.0503896023	0.0053576641	0.04225964	-0.0616331773	-0.095383181	-0.0205805353	0.0776441814	0.00275526	0.0479963	-0.068257	0.00247051	-0.000975744	-0.000131661
3039.9454345856416	3598.0001767469444	3397.686579546204	0.7512632	10.78467751	0.78161126	0.030940440000000007	-0.06466826099999999	0.0114493587	-0.10838141679999999	-0.0125429299	-0.06364058389999999	0.0047706681	-0.017077881899999998	-0.025110444	0.0306711598	-0.0486064116	0.0621384201	-0.0658792885	0.0409184175	-0.0639085696	-0.09425492710000001	-0.014754258400000001	0.0819413884	0.0138376	0.0480019	-0.0604978	0.00239867	-0.00114577	-0.000131661
3033.9513897884435	3598.999808946294	3396.6370448328553	0.78642917	11.28949833	0.77937067	0.03658935000000001	-0.0575700521	0.0021331537	-0.023017565299999997	-0.06446659889999999	-0.07152875610000001	-0.0533265537	-0.0119959705	-0.0217659002	0.0318226379	-0.0477723833	0.0367897753	-0.0716654643	0.0395678606	-0.0661256498	-0.092933189	-0.0088741449	0.08577149519999999	0.0184749	0.0534306	-0.0624044	0.00272098	-0.000975745	-0.000131661
3034.7491389379456	3597.817463790835	3396.659385447441	0.77973789	11.19344234	0.77923161	0.03711985	-0.0607294063	-0.0049528616	0.033194214799999996	-0.0199155596	-0.0380069713	-0.057406880300000004	-0.0265361267	-0.0349333889	0.0160012081	-0.0264237012	0.024724638900000002	-0.0791670476	0.038208277400000004	-0.06828239480000001	-0.0914206801	-0.0029616505	0.0891126687	0.0186667	0.0585664	-0.0667794	0.00310473	-0.00114034	-0.000131661
3040.8047299160576	3600.8424049988603	3396.5857524386247	0.97786087	14.03757572	0.95402896	0.20239605	-0.0689564086	0.0152144909	0.0552081232	-0.050525787	0.06307806490000001	-0.0558969941	-0.0271845228	-0.0347290441	0.034935698700000004	-0.0167549689	0.0561639614	-0.0017792779	0.0368399782	-0.0703768369	-0.089720505	0.0029616505	0.0919458628	0.0451685	0.0477692	-0.115848	0.00487394	-0.000975745	0.000255103
3021.814206299609	3590.667136500524	3377.046380581024	1.80476153	25.90805817	1.69579434	0.6087711100000001	0.0896113377	0.0974282851	0.20491146780000002	-0.0708822601	-0.0834757507	0.2179389802	0.1006914952	-0.061660634900000004	-0.1122943984	0.1291397805	-0.249974272	0.2040373159	0.035463275	-0.072407065	-0.087836154	0.0088741449	0.09425492710000001	0.128936	0.0178133	0.120919	0.00968565	-0.000975744	-9.88002e-05
3027.8880536729557	3601.4863078946264	3389.9659378353053	1.67949855	24.10985947	1.5574106	0.33982459000000004	0.0766217597	0.1241560717	0.1020918113	0.1159338875	-0.0166484995	0.08857179119999999	0.0034573990000000003	-0.0226391863	-0.0494112137	0.13595526460000001	-0.1558422163	0.2666027658	0.0340784819	-0.0743712266	-0.08577149519999999	0.014754258400000001	0.09602669890000001	0.0463267	-0.0583356	0.07424559999999998	0.00845584	0.000265167	-0.000315939
3058.830983929467	3606.764869169206	3409.2941148538466	1.90196514	27.30345345	1.61821079	0.6299216999999999	0.0348216813	0.2250929918	0.08520671869999999	0.0052758491000000005	0.0736864877	0.08964974460000001	0.029499530099999997	0.021673570099999998	0.053311968499999994	0.0724470641	-0.2322140955	0.180619626	0.0326859148	-0.0762675296	-0.0835307668	0.0205805353	0.09725107849999999	-0.0382477	-0.0972693	0.171275	0.00368112	0.00154435	-0.00244972
3046.473202331506	3602.5540567662133	3403.9031130820167	1.58196962	22.70979309	1.42472851	0.32871347000000006	-0.0775063981	0.2026305443	-0.1261081265	0.0824658212	0.09262253599999999	-0.05771418389999999	0.0091474181	-0.0441645934	0.0250617177	-0.0290870131	0.030257423999999998	0.16757171769999998	0.0312858913	-0.0780942437	-0.08111856860000001	0.026331716	0.0979210862	-0.0175572	-0.0616393	-0.00798127	0.00368282	0.000624986	-0.00339139
3043.5419444475733	3597.9422375069153	3394.2460812965346	1.21370804	17.42325401	1.02108622	0.09521667000000003	-0.0487889153	0.0636629735	-0.0907222551	0.0610880351	0.1098920977	0.008153880300000001	-0.011109946599999998	-0.022477950899999998	0.006061780300000001	-0.014100806899999999	-0.0383898331	0.0720396489	0.029878730899999997	-0.0798497022	-0.0785398523	0.031986815099999996	0.098032903	-0.0256588	-0.0615328	-0.009658290000000003	0.00473854	0.000922417	-0.00303791
3033.107999650848	3595.6793215180346	3382.8132567893485	1.09940505	15.78239059	0.9111622	0.08853574999999998	0.0055725776	-0.0663760358	-0.101365005	0.008255855999999999	-0.0074209826	0.0996981405	0.0027315345	-0.020604679	-0.020860520900000002	0.0098363421	-0.06947584820000001	0.0090973709	0.0284647545	-0.08153230339999999	-0.0757999113	0.0375251979	0.0975858912	-0.017617	-0.0453633	0.00593561	0.00539374	0.000971438	-0.00276752
3027.989017070867	3594.9469470856275	3378.661475119954	0.87695706	12.58906174	0.83683288	0.09592977999999998	0.023602064199999998	-0.12415991009999999	-0.0516327112	-0.0223401319	-0.1315141878	0.08656797570000001	0.0018623379	-0.0024826744	-0.0367042646	-0.0014145135	-0.0291004635	-0.057740741	0.0270442847	-0.083140512	-0.0729043701	0.0429266552	0.0965825991	-0.00934442	-0.0282448	-0.00831654	0.00620717	0.000806077	-0.00291446
3025.121933182313	3591.6327103637555	3377.5503797230326	0.84605253	12.14541531	0.80335003	0.08722432000000001	0.0326051478	-0.15222673050000002	0.0092137861	-0.0159140106	-0.12486113859999999	0.025227571600000002	-0.0087144414	-0.024654793799999998	-0.0563778111	-0.019864354	-0.0492241606	-0.1147746294	0.0256176456	-0.08467286060000001	-0.06985917280000001	0.0481714778	0.0950287458	0.00579639	-0.0105743	-0.0131749	0.00682795	0.000554874	-0.00279535
3029.0788685441808	3592.6086219337194	3380.5432726680297	0.79412013	11.3999052	0.80120808	0.07024741500000001	0.0377802328	-0.1094990574	0.0752771948	-0.0018144659	-0.07320604	0.0271903805	-0.002431985	-0.0201913986	-0.069648591	0.0221277519	-0.0203237969	-0.08569363099999999	0.0241851625	-0.08612795109999999	-0.06667057030000001	0.053240527999999995	0.092933189	-0.000431575	-0.0106173	-0.0163037	0.00738131	0.000233291	-0.00313736
3037.4860768574117	3596.341255297629	3384.864688220981	0.73164111	10.50299454	0.78257847	0.07927064500000003	0.0207438049	-0.058484140899999995	0.11360926019999999	-0.0308550962	-0.021371009700000002	0.0200765184	-0.0103470201	-0.0110621496	-0.026121571200000002	0.021445747799999998	0.0153169794	-0.10014397439999999	0.0227471623	-0.0875044557	-0.06334510809999999	0.0581153092	0.0903078742	0.00667234	0.00407773	-0.0351782	0.00786496	0.000187647	-0.00289471
3036.6182065534695	3596.0511584111714	3384.9455946014064	0.7047019	10.11627197	0.76069492	0.06058342999999995	0.0161724884	-0.0249059912	0.0876010649	-0.0273053978	-0.0449355476	0.021148383599999997	-0.0005877766999999999	-0.021759296400000003	-0.0290491882	0.0397537709	0.0005554783	-0.0379247891	0.021303972999999997	-0.08880111859999999	-0.0598896127	0.06277803400000001	0.0871677669	0.0133446	0.00450915	-0.034529	0.008221809999999998	-0.000197604	-0.0025802
3037.546378284107	3593.2155815519563	3386.956732262935	0.72812963	10.45258617	0.77953273	0.03942259	0.0072583681999999995	-0.042989777699999995	0.0634324114	-0.0044716453	-0.0397307591	-0.0281890121	-0.0086736584	-0.014509021799999999	-0.0494156294	0.0392402785	0.0334579796	-0.0811149502	0.019855923799999998	-0.0900167565	-0.0563111775	0.06721168849999999	0.0835307668	0.0214452	0.00651214	-0.026811	0.008443209999999998	-0.000314804	-0.00248678
3033.84876671824	3593.4751461417954	3389.4130035363805	0.70634377	10.13984108	0.75914818	0.03663675	0.0222215735	-0.0651877382	0.0601068555	-0.0183789029	-0.0466063216	-0.0011792043	0.0018338013	-0.0238835838	-0.053155571299999996	0.0413508012	0.0081688735	-0.0466950573	0.0184033451	-0.09115026039999999	-0.052617147999999996	0.0714000949	0.0794176065	0.0400681	0.00696879	-0.0268148	0.00832106	-0.000420062	-0.00236312
3035.0514759075713	3594.631366550028	3391.2789789805183	0.72784775	10.44853973	0.76917166	0.07332100999999995	0.031697809900000005	-0.0786073447	0.0718563288	0.0180552625	-0.0183115335	0.0034040234	0.007385361700000001	-0.0016325101999999998	-0.054212353600000006	0.0487874231	-0.0063310846	-0.0511757059	0.0169465682	-0.092200596	-0.0488151074	0.07532797	0.07485173269999999	0.0499891	0.0181803	-0.0334847	0.00862468	-0.000639764	-0.00197607
3036.229290012487	3596.7748780193433	3396.3192619895585	0.95583528	13.72138977	0.91759777	0.16050241999999998	0.023057120299999997	-0.0800645108	0.0387623324	0.0160061533	0.026972759300000003	-0.0198167277	0.0161728174	-0.0058843517	-0.025003643	0.030489842000000003	0.0049783904	-0.0238118979	0.015485925400000001	-0.0931668048	-0.0449128604	0.0789809816	0.06985917280000001	0.0217572	0.00805263	-0.0356508	0.00696324	-0.000477569	-0.00255197
3033.267743109183	3592.3770252481268	3400.0069049914337	1.22475433	17.58182716	1.15804851	0.32447139	0.057879204299999994	0.0125502599	0.0862656165	0.0078453712	0.021252274300000002	0.0918843909	0.012962524199999999	-0.0225477979	-0.0721358138	0.0379157454	-0.1374282617	-0.0098219669	0.01402175	-0.0940480054	-0.0409184175	0.08234580009999999	0.0644683864	-0.103257	0.018082	-0.00374138	0.00853748	0.0008243989999999999	-0.00282613
3046.85755477368	3601.717824442962	3406.3837442912754	1.01147389	14.52010441	0.9720487	0.13879157	0.031264411299999996	0.0832656558	-0.034309135299999995	0.0631003812	-0.0380224664	0.10157448960000001	0.0083139832	0.008801313	0.0076612281	0.0703301833	-0.05776149480000001	0.0825746258	0.012554375900000001	-0.09484339369999999	-0.0368399782	0.0854101477	0.058710103300000004	-0.0683127	0.0123604	-0.0255382	0.00934799	0.000544732	-0.00326253
3056.7061884745813	3600.926949809692	3410.122821394115	0.94245815	13.529356	0.89845175	0.15158155000000006	-0.0053234009	0.1685884757	0.0087689798	0.046582963	-0.1067295758	-0.0453959906	0.0089180594	0.0227166918	0.014043525900000001	0.0336139349	0.0411399951	0.0185100141	0.0110841379	-0.0955522439	-0.0326859148	0.088162843	0.052617147999999996	-0.0330595	0.0265288	-0.0423396	0.008939209999999998	-0.000505549	-0.00301442
3055.0026731704197	3602.782127412304	3407.8128350915886	0.79660237	11.43553925	0.80012238	0.06229244999999994	0.0011765488	0.1402635102	-0.0007692984	0.0357296128	-0.0685369713	-0.0357157046	0.0172839209	0.0241364165	0.0302257248	0.0628735037	0.0270978892	0.0270587604	0.0096113714	-0.0961739093	-0.0284647545	0.0905938416	0.046224253099999994	-0.0225461	0.0357445	-0.0603675	0.00888237	-0.000647278	-0.00272228
3050.0661162367987	3596.630951497777	3404.659737212369	0.84779084	12.17036915	0.86455923	0.08420225	-0.0182737735	0.0751807821	-0.08330768690000001	0.076769873	-0.07619872559999999	-0.055369581699999997	-0.0056838215	0.019111048500000002	-0.0016220105999999999	-0.0012602814	0.0589268032	-0.0343433415	0.0081364123	-0.09670782259999999	-0.0241851625	0.0926942731	0.0395678606	-0.0225879	0.0341175	-0.08731189999999998	0.00818901	-0.000234287	-0.00272771
3051.870318326818	3596.257191310364	3406.431412262802	0.91830397	13.18261337	0.90400457	0.1254535	-0.028373652599999997	0.0560376915	-0.0656299399	-0.0263823254	-0.08726128640000001	-0.0817816375	-0.0022299056	0.0157920897	0.014824478500000002	-0.0316451145	0.0780315223	-0.09003101849999999	0.006659597099999999	-0.0971534967	-0.019855923799999998	0.0944564733	0.0326859148	-0.00528395	0.0342091	-0.12225	0.00731514	-0.000407834	-0.00314269
3040.4177496594184	3596.411856224968	3404.828049407914	0.79382777	11.39570808	0.79571843	0.08142622	-0.0143205953	-0.006798129599999999	-0.0113123253	0.0068055913	-0.06291652240000001	-0.07935287860000001	0.0041748439	-0.012966053600000001	-0.0143226669	-0.0151542806	0.0963088898	-0.0469897219	0.0051812628	-0.097510525	-0.015485925400000001	0.095874012	0.0256176456	0.00807702	0.0343765	-0.134535	0.00794009	-0.0007872709999999998	-0.00303482
3034.732542215002	3592.132686737957	3397.4316191216035	0.95621866	13.72689342	0.9540537	0.22252523	0.035300536800000004	0.0012967321000000001	0.12040285460000001	-0.013693933899999998	-0.0088703847	-0.0274481298	0.032834944500000005	-0.0055530849	-0.0794621699	0.020270188600000003	0.0421775458	-0.0056989914	0.0037017465000000003	-0.0977785816	-0.0110841379	0.09694171689999999	0.0184033451	0.0142583	0.033109	-0.0404935	0.00959815	-0.00098083	-0.00246574
3041.7305504442747	3598.6688420564974	3402.060941647207	0.98689348	14.16724205	0.95799053	0.16270069999999998	0.0476614345	0.0013695836	0.0843036127	-0.0246335765	0.0260786506	-0.015471083899999998	0.0344151316	0.024071102400000002	-0.0149393374	0.0173789452	0.0055951221	-0.012106413	0.0022213857	-0.09795742199999999	-0.006659597099999999	0.0976556919	0.0110841379	-0.02601	0.0353951	-0.0403877	0.00834795	-0.00127777	-0.00331941
3050.802595817432	3601.6658954975396	3401.1099067526598	0.96980339	13.92190742	0.90478742	0.12821879000000003	0.017643299299999998	0.0302902694	-0.0083776727	0.027318417	0.0930234604	-0.044365301100000004	-0.0057167199	0.0504321437	0.0412234398	0.0324052029	0.048001237800000006	-0.0095549903	0.0007405182000000001	-0.098046883	-0.0022213857	0.098013332	0.0037017465000000003	-0.00744161	0.0374457	-0.0889785	0.00909626	-0.00105619	-0.0035297
3045.8921787224463	3598.467296843947	3395.628793111729	0.85825002	12.32051468	0.78742862	0.03471133999999999	0.0283154654	0.0027566078999999998	-0.024805735899999997	-0.0041147159	0.0989199767	0.0218233696	0.0143004584	0.0333723623	0.0105929356	0.0184065877	0.0776815175	-0.0008519914999999999	-0.0007405182000000001	-0.098046883	0.0022213857	0.098013332	-0.0037017465000000003	0.00121413	0.0417753	-0.08388099999999998	0.00909626	-0.00113862	-0.00377984
3044.1579594808354	3596.267609154355	3391.3902187814037	0.78989094	11.33919334	0.7756623	0.07968467000000003	0.041907111000000004	-0.0293272587	0.0070450514	-0.0008220498	0.10501436480000001	0.0199158665	0.0207928945	0.0369562683	0.0022353254	0.0265722963	0.0426160875	-0.0520478709	-0.0022213857	-0.09795742199999999	0.006659597099999999	0.0976556919	-0.0110841379	0.0190136	0.0569863	-0.0802703	0.0094423	-0.00149037	-0.00361636
3042.176449067365	3594.644028237336	3386.6387014328548	0.71906245	10.32242298	0.77135003	0.043451100000000006	0.0474055034	-0.0633183811	-0.0061174356	0.017133016	0.0892109741	-0.0096391245	0.010865178999999999	0.0489533006	-0.016850423	0.030173833900000002	0.0604141012	-0.08586488490000001	-0.0037017465000000003	-0.0977785816	0.0110841379	0.09694171689999999	-0.0184033451	0.0324542	0.0569835	-0.0650046	0.00953754	-0.00159518	-0.00352157
3042.88457591297	3594.8269816052307	3386.2096515374037	0.82010341	11.77290535	0.79261965	0.08049819999999998	0.06361740219999999	-0.0492800471	0.012126602700000001	-0.021373402000000003	0.0765845041	0.050232280899999995	0.037402384	0.048944822699999994	-0.006756064799999999	0.0162402544	0.0303592843	-0.0781787835	-0.0051812628	-0.097510525	0.015485925400000001	0.095874012	-0.0256176456	0.010312300000000002	0.0446994	-0.0608979	0.00956921	-0.00115336	-0.00388739
3039.981255845993	3593.733909359024	3387.702273290127	0.75859165	10.88988018	0.80341285	0.07628180000000002	0.06517160849999999	-0.0540598657	-0.0353796655	0.0094927976	0.070944511	0.0253085995	0.0272568564	0.05636889	-0.0221403987	0.0202128042	0.0466572821	-0.0513309553	-0.006659597099999999	-0.0971534967	0.019855923799999998	0.0944564733	-0.0326859148	0.0190026	0.0569624	-0.0761984	0.00963429	-0.00141013	-0.00340868
3037.369899796804	3592.6284959745562	3390.5350975574092	0.73103303	10.49426556	0.78449762	0.06359420000000002	0.0634418221	-0.0474308705	-0.05818532269999999	0.006470931700000001	0.0676845596	0.0368070671	0.028999211299999997	0.0428641002	-0.029513268500000002	0.0216281342	0.0611168395	-0.036132419900000004	-0.0081364123	-0.09670782259999999	0.0241851625	0.0926942731	-0.0395678606	0.0401949	0.045616	-0.0903684	0.009558100000000003	-0.00166046	-0.00339749
3038.922661534224	3595.337696372469	3389.927431750367	0.71575212	10.27490234	0.76047844	0.062060199999999975	0.0670275171	-0.0275744146	-0.0902245673	0.009430837	0.0390835448	0.0739724533	0.033226222799999997	0.042483840300000006	-0.009968298399999999	0.0192319223	0.05957487190000001	0.0313592095	-0.0096113714	-0.0961739093	0.0284647545	0.0905938416	-0.046224253099999994	0.0581626	0.0569454	-0.0762143	0.00955567	-0.00194045	-0.00330773
3043.455641488263	3597.2131487022266	3390.506246607568	0.72340631	10.38478088	0.77161086	0.0693682	0.06381544110000001	-0.0085395183	-0.08178951870000001	-0.0203763178	0.041283408	0.08957419429999999	0.0399276191	0.059332075	0.0078226827	0.023467723700000002	0.055637018200000006	0.035839226	-0.0110841379	-0.0955522439	0.0326859148	0.088162843	-0.052617147999999996	0.04367	0.0421175	-0.0502981	0.00936755	-0.00185134	-0.00331313
3036.2407694125236	3600.4596694381653	3390.1760235465003	0.9551658	13.71177864	0.9392249	0.1758001	0.0660917843	-0.0434204807	-0.12414303410000001	-0.0076260349	-0.0290762154	0.0696242625	0.0317337341	0.0746923587	0.0244498796	0.0545499465	0.004249654	0.1001521661	-0.012554375900000001	-0.09484339369999999	0.0368399782	0.0854101477	-0.058710103300000004	0.0952902	0.0651871	-0.07623789999999998	0.009792950000000003	-0.00166046	-0.002426
3034.9924192350963	3595.1893623015185	3387.354350510596	1.03994572	14.92882729	0.98369932	0.1634096	0.09748334609999999	-0.042691503799999996	-0.0593470679	-0.0371075302	-0.11980374619999999	0.0039020393	0.0348628739	0.0742923029	-0.0193088558	0.0408088516	-0.0633383827	0.0095944301	-0.01402175	-0.0940480054	0.0409184175	0.08234580009999999	-0.0644683864	0.0694687	0.050745	-0.0762114	0.00811073	-0.00135673	-0.00290244
3035.717281109668	3595.181188300849	3392.2525588744	1.06900978	15.34605408	0.96403188	0.06485340000000002	0.0737213687	-0.0591925992	0.010356053	-0.0277886269	-0.10232809470000001	-0.0777475792	0.0371568219	0.0685243648	-0.0262058928	0.0068619873	0.0069561326000000005	-0.028169885899999997	-0.015485925400000001	-0.0931668048	0.0449128604	0.0789809816	-0.06985917280000001	0.0853268	0.0357551	-0.0762183	0.00821735	-0.00160506	-0.00257742
3032.046777524613	3591.799155455791	3393.4859689999607	0.84669775	12.15467739	0.85046381	0.09794470000000002	0.073393877	-0.0644422177	0.0603590355	-0.0220850409	-0.0042734992	-0.045438726900000004	0.0347244903	0.0427682102	-0.0579274145	-0.0037053071	-0.0393432774	0.033670637	-0.0169465682	-0.092200596	0.0488151074	0.07532797	-0.07485173269999999	0.0949061	0.0313259	-0.0806945	0.00726117	-0.00193345	-0.00227279
3041.544390535253	3596.719262759898	3396.248264181315	0.97010732	13.92627048	0.93204516	0.03536070000000001	0.0768216452	-0.064715656	-0.0096802467	-0.0462578043	0.058678219000000004	-0.0105007484	0.038212526000000004	0.08313497519999999	0.020044537	0.010938294199999999	0.0156031758	-0.0178162041	-0.0184033451	-0.09115026039999999	0.052617147999999996	0.0714000949	-0.0794176065	0.0976508	0.0274279	-0.102135	0.00729196	-0.00181869	-0.00227279
3037.1242682972334	3594.737308009667	3395.4408027534582	1.14243209	16.40006065	1.0401262	0.09667739999999994	0.0508114975	-0.0583326821	-0.0440010309	0.034949411	0.058448987	-0.04901819809999999	0.0216266918	0.056901731100000005	-0.0196223709	-0.0489219012	0.0262884306	0.055584134800000004	-0.019855923799999998	-0.0900167565	0.0563111775	0.06721168849999999	-0.0835307668	0.075892	0.0136508	-0.105418	0.00656823	-0.00166046	-0.00199758
3049.285240422291	3602.570885591117	3406.0700545930604	1.05304718	15.11690521	0.97816205	0.09454301999999998	0.0228072317	-0.023565422000000003	-0.11271825	-0.027104131400000002	0.0465941261	0.0094238845	0.0363237596	0.0749953451	0.0680971956	-0.0177448032	0.08541070029999999	0.13791703660000001	-0.021303972999999997	-0.08880111859999999	0.0598896127	0.06277803400000001	-0.0871677669	0.0830883	-0.00442592	-0.123675	0.00565952	-0.00166046	-0.00210913
3047.2500672713013	3598.859889287801	3406.5880363764018	0.90809643	13.03607941	0.88241649	0.09681151999999997	0.0298207856	0.0270302879	-0.10260851060000001	-0.005784591600000001	-0.0600438233	-0.0720549753	0.0267164698	0.08620514380000001	0.03206888	-0.0241579872	0.036541719	0.0838556759	-0.0227471623	-0.0875044557	0.06334510809999999	0.0581153092	-0.0903078742	0.0969139	0.0202495	-0.128828	0.00663326	-0.00166046	-0.00201972
3046.538206163032	3599.027696713282	3405.780847461503	0.90474373	12.98795033	0.88978881	0.07696079999999998	0.0210412834	0.0668518004	-0.0052591423	-0.0036249596000000003	0.01321864	-0.1232000396	0.015396178	0.0687768917	0.028070593300000002	-0.045664095	0.0514221789	0.1093117648	-0.0241851625	-0.08612795109999999	0.06667057030000001	0.053240527999999995	-0.092933189	0.0887836	0.0126755	-0.139099	0.00618886	-0.0019827	-0.00227279
3026.176793231425	3584.50810713437	3392.988679127649	1.61161935	23.13542747	1.42287266	0.20738167	0.0785817748	0.1122034382	0.0732707931	-0.1281834966	0.14184324480000002	-0.0072882510999999995	-0.021042886	0.1228696813	-0.109230503	-0.0885796862	-0.1722595764	0.0062812083	-0.0256176456	-0.08467286060000001	0.06985917280000001	0.0481714778	-0.0950287458	0.072579	0.0416903	0.00209827	0.0060918	-0.00166046	-0.00227279
3031.1784923026007	3589.6759187136213	3404.426839439115	2.22743773	31.97574043	1.90861535	0.45507143	0.17033462440000002	0.1718204974	0.1471352692	0.1701156375	0.0429015064	-0.0098271512	-0.0313940709	0.1384948367	-0.13922849310000002	-0.0400695837	-0.2375024495	0.1941183653	-0.0270442847	-0.083140512	0.0729043701	0.0429266552	-0.0965825991	0.0322853	0.055325	0.180536	0.00871716	-0.000478514	-0.00162599
2969.867846545608	3552.161983745481	3379.4538883807304	2.29850006	32.99586868	2.16916656	0.43467484	0.0095375732	-0.0790091485	0.1139271512	0.41450557979999997	-0.08830439529999999	-0.088720818	-0.3558973003	-0.1087747123	-0.5318855567	-0.21682189010000003	0.0094143327	0.0064457752	-0.0284647545	-0.08153230339999999	0.0757999113	0.0375251979	-0.0975858912	0.0245582	0.00474446	-0.174988	0.008993219999999998	-0.00036676	-0.00165504
3045.0306704956347	3592.9454388435997	3406.839091689896	3.53440499	50.73776627	3.34229565	1.2623401599999997	-0.3788954548	0.0176858445	0.1843654266	-0.012784845800000002	-0.0711912608	0.1629185205	-0.12261087220000001	-0.33264864	0.18067829649999997	0.0924194867	-0.2801915449	-0.07032753929999999	-0.029878730899999997	-0.0798497022	0.0785398523	0.031986815099999996	-0.098032903	-0.0248105	-0.132676	-1.09553	0.0103257	0.00101718	-0.0020388
3003.4813278298107	3592.2165904506983	3397.118616156124	1.72584033	24.77511406	1.68691325	0.24379484999999984	-0.32289277239999997	0.0021411561	0.2289874014	0.0088296047	-0.09154490929999999	0.11320642630000001	-0.057371045700000005	-0.4476828507	0.0738583189	0.0694619512	-0.14996029019999998	0.0749439519	-0.0312858913	-0.0780942437	0.08111856860000001	0.026331716	-0.0979210862	-0.0446576	-0.13938	-0.930064	0.0107196	0.0008113849999999998	-0.00160294
3067.253405905398	3594.171298532028	3407.1391039613604	1.01379812	14.55346966	1.04705036	0.12536424999999998	-0.35727611740000004	0.0499117003	0.17355373079999997	-0.0207420679	-0.0385086285	0.14475879560000002	-0.11271594130000001	-0.3142383023	0.1781946077	0.09502536800000001	-0.1526853172	-0.1306190594	-0.0326859148	-0.0762675296	0.0835307668	0.0205805353	-0.09725107849999999	-0.0809571	-0.156515	-0.93077	0.00992825	0.0014199	-0.00157833
3048.7365804229717	3591.244605606548	3388.6623419901866	1.48240721	21.28053665	1.42843688	0.35172715	-0.2867337156	-0.0361976494	0.09571017849999999	-0.1586509937	-0.0041330899	0.0966853254	-0.0358833769	-0.24802423329999998	0.13178680880000002	0.0383733812	-0.0763068573	-0.11328340699999999	-0.0340784819	-0.0743712266	0.08577149519999999	0.014754258400000001	-0.09602669890000001	-0.0835035	-0.130035	-0.662141	0.00969336	0.0008113849999999998	-0.00181636
3030.2143610055878	3591.3866088338386	3385.724139676333	1.60784745	23.08127975	1.56460226	0.48070745	-0.1590737825	-0.120941649	0.044907793700000004	-0.0687382319	0.051283068700000004	-0.008853915300000001	-0.0997208447	-0.0911838274	0.0994883025	-0.0769548685	-0.042767401100000005	-0.17325485579999997	-0.035463275	-0.072407065	0.087836154	0.0088741449	-0.09425492710000001	-0.088241	-0.0622076	-0.485785	0.00727064	0.0007699039999999999	-0.00398789
3041.5034519519922	3590.911394873429	3396.240772799341	1.58710992	22.78358459	1.47562087	0.2873729775	-0.0489279379	-0.0685577045	-0.0518195909	-0.017091331	0.0388563981	-0.0550744492	0.0012801003999999999	-0.0401175904	0.0644949338	-0.1070033432	0.0368719917	-0.14007799880000002	-0.0368399782	-0.0703768369	0.089720505	0.0029616505	-0.0919458628	-0.0681692	-0.01496	-0.327556	0.0077272	4.00245e-06	-0.00397386
3042.265518147165	3593.717481220427	3392.7095031991225	1.07770205	15.47083473	1.01036346	0.1877947575	-0.0183195944	-0.049502243200000004	-0.057604009299999995	-0.0645099665	0.1033583173	0.0003902221	0.0059737599	-0.0023856359	0.0569051387	-0.050723384100000005	0.0355142656	-0.055010663	-0.038208277400000004	-0.06828239480000001	0.0914206801	-0.0029616505	-0.0891126687	-0.055618	-0.000707515	-0.283596	0.00849558	-0.000631909	-0.00303753
3041.550337694311	3591.7889780235882	3392.436080019719	0.94242954	13.52894497	0.91329628	0.16969606499999998	0.0022478524	-0.0410829617	-0.0748895047	0.0487651831	0.0864404267	0.0164920914	0.006036235300000001	-0.0159399693	0.0277734154	-0.0390443533	0.0297741837	-0.064627865	-0.0395678606	-0.0661256498	0.092933189	-0.0088741449	-0.08577149519999999	-0.0635443	0.0218012	-0.303552	0.00995617	-0.00143256	-0.00316239
3040.277230738493	3589.6582083788408	3393.0581099862466	0.87345201	12.53874588	0.88298768	0.18278569999999997	0.0360637817	-0.0040213259	-0.0753964193	-0.0211347598	0.0659687628	0.0330838949	0.0563537083	0.0201613873	-0.0254025271	-0.048608459900000005	0.0446632862	0.025023795499999998	-0.0409184175	-0.0639085696	0.09425492710000001	-0.014754258400000001	-0.0819413884	-0.027696	0.0217628	-0.195935	0.00973585	-0.00143256	-0.00372771
3042.692607150921	3596.4982441928137	3394.878376827241	0.8034454	11.53377342	0.81215423	0.09667079999999997	0.0328202389	0.015517578600000002	-0.09743833730000001	-0.0131668421	0.0197544147	0.060733269900000005	0.0278886308	0.0327607184	0.0312130631	-0.0085678776	0.043554894000000004	0.058058034800000005	-0.04225964	-0.0616331773	0.095383181	-0.0205805353	-0.0776441814	-0.0020162	0.0316648	-0.213445	0.00995157	-0.00201716	-0.00365645
3048.761060589313	3596.902296265051	3396.940689702413	0.81211311	11.65820122	0.79866874	0.051254949999999966	0.0202594275	0.0626834974	-0.10298069050000001	0.007144206899999999	0.0028987168	0.0098170381	0.028784575099999998	0.034934157599999995	0.0426439722	0.0083360692	0.057441999	0.0532069858	-0.0435912223	-0.059301549	0.09631563480000001	-0.026331716	-0.0729043701	0.00358005	0.0472955	-0.199185	0.00998787	-0.00189292	-0.00350163
3052.262969130465	3598.014681591266	3396.900761099701	0.78815162	11.3142252	0.7694506	0.08726414999999994	0.0147943174	0.09166535029999999	-0.0964573087	-0.0098339384	-0.071481605	0.0195326694	0.025478554	0.0342122283	0.0391832697	0.0166911054	0.0675844062	0.0704530123	-0.0449128604	-0.0569158121	0.09705037429999999	-0.031986815099999996	-0.0677489736	0.0258606	0.0534816	-0.187295	0.00961111	-0.00214791	-0.00319523
3049.312486709124	3596.235073426204	3397.15663171767	0.87373722	12.54284	0.81142187	0.1303944	0.006010253199999999	0.0717740506	-0.0489502743	0.010835556100000001	-0.0962073854	-0.0731334386	0.0244641423	0.028871912000000003	0.026639132000000003	-0.0001768927	0.0698832494	-0.0067059172	-0.046224253099999994	-0.0544781434	0.0975858912	-0.0375251979	-0.0622073795	0.003589	0.0680564	-0.231797	0.00957811	-0.00173247	-0.00372771
3053.2858804879033	3597.589072595695	3396.958531127585	0.94656312	13.58828449	0.91034615	0.20632620000000007	-0.013603121499999999	0.0748343781	-0.049325537	-0.0417308157	-0.0350365759	-0.09607929259999999	0.0107212899	0.0400795226	0.0487641922	-0.0307861102	0.0314125517	-0.033486469500000005	-0.04752510099999999	-0.051990767199999996	0.0979210862	-0.0429266552	-0.0563111775	-0.0059554	0.0483231	-0.194579	0.007534029999999999	-0.00143256	-0.00418033
3047.9241708348704	3595.752006014174	3396.092209619881	0.81471854	11.69560337	0.85241735	0.07997443000000001	-0.0015144853	0.0387555042	-0.0043686027	-0.0209171477	-0.0332814505	-0.0979311059	0.0187734736	0.0256988624	0.027379396299999997	-0.0331016399	0.021500955099999997	-0.0089143192	-0.0488151074	-0.0494559531	0.0980552714	-0.0481714778	-0.0500939782	0.00889093	0.048251	-0.179914	0.008006199999999998	-0.00196821	-0.00418033
3043.393403777224	3595.1453669449816	3393.469424736596	0.81345624	11.6774826	0.81290549	0.04671834000000001	0.025156827599999997	0.0231447209	0.010741431000000001	-0.045440475099999995	-0.0549525244	-0.09337918880000001	0.022226163700000003	0.0463016117	0.0106465432	-0.0367807312	-0.0090773272	-0.0070901452	-0.0500939782	-0.046876013700000004	0.09798817119999999	-0.053240527999999995	-0.0435912223	0.00350859	0.044594	-0.195551	0.00842617	-0.00198908	-0.00418033
3038.4883806171943	3591.6418460115638	3397.2316736186363	0.87421131	12.54964542	0.8479144	0.05828829	0.0399519846	0.0030382039	0.042904544	0.0132931692	-0.0495196302	-0.1360191552	0.0062595655000000005	0.0379225835	-0.0301671035	-0.0460187371	0.0192211596	-0.0060749947	-0.051361421399999996	-0.0442533033	0.0977199233	-0.0581153092	-0.0368399782	0.00352828	0.0476531	-0.167191	0.00883359	-0.00185951	-0.00418033
3042.054048235659	3594.132271685703	3400.51628081468	0.81212163	11.65832424	0.82631862	0.01910662	0.0318841261	-0.0072440964	0.0816501689	-0.0457725502	-0.025659303900000003	-0.0603607987	0.021550737400000002	0.03026393	-0.0173743901	-0.0243120561	0.0283626121	0.028047122400000003	-0.052617147999999996	-0.0415902147	0.09725107849999999	-0.06277803400000001	-0.029878730899999997	0.00351276	0.0448885	-0.180924	0.00883359	-0.00191138	-0.00418033
3045.1532096333726	3600.5275456986183	3399.781040778353	0.88296932	12.67537022	0.85626036	0.08155043999999993	0.0318109456	-0.0223546887	0.0298006002	-0.0334350724	0.047404013499999995	-0.0561494586	0.026026608	0.0465914447	0.0424750504	0.0125913476	-0.010561444199999999	0.0112023913	-0.0538608716	-0.038889177999999996	0.0965825991	-0.06721168849999999	-0.0227471623	0.003602	0.07374569999999998	-0.204845	0.008928429999999998	-0.00143256	-0.00418033
3046.120798580996	3596.8502871823716	3402.4907436785425	0.94070536	13.50419331	0.85957891	0.06830516000000009	0.009118912600000001	0.0004387388	-0.0374869734	0.0156358257	0.1034487439	-0.0415442845	-0.0063513002	0.036239385299999996	0.0239147917	-0.024982444	0.0177640136	-0.012928473400000001	-0.0550923084	-0.0361526575	0.0957158574	-0.0714000949	-0.015485925400000001	0.00361936	0.0601689	-0.222499	0.0094517	-0.00143256	-0.00396246
3046.3174697478808	3598.0980243431763	3401.7117516823077	0.84906745	12.18869591	0.82375371	0.12727784	0.0062669699	0.021055650899999997	-0.06876870759999999	0.0126472828	0.0760463567	0.0351488602	0.013940441000000001	0.0255218386	0.0258839721	-0.0255506592	0.0336373149	0.07066768799999999	-0.0563111775	-0.0333831503	0.0946526326	-0.07532797	-0.0081364123	0.019851	0.0380462	-0.199535	0.00848829	-0.00157047	-0.00418033
3046.706801206937	3598.5390998302037	3400.4228470122716	0.76586068	10.99423027	0.78679764	0.05662660000000001	-0.0045078009	0.0204456663	-0.10016946859999999	0.017319378700000002	0.0393449716	0.061251973200000004	0.0152330007	0.018087023	0.0378644521	-0.025945040200000002	0.0335187901	0.050137097400000004	-0.0575172008	-0.0305831832	0.09339510720000001	-0.0789809816	-0.0007405182000000001	0.0309434	0.0502659	-0.199541	0.00883355	-0.00189138	-0.00418033
3043.332687432455	3595.9994698775354	3396.9145584321673	0.71770674	10.30296135	0.77689946	0.03553460000000005	0.0003273638	-0.0128050982	-0.1333778099	0.026532886800000002	0.0022174172	0.0489433998	0.00126296	0.007943802600000001	0.019560661	0.0008866814	0.030361330699999998	0.050229024299999994	-0.058710103300000004	-0.0277553111	0.0919458628	-0.08234580009999999	0.006659597099999999	0.0323446	0.0562313	-0.19164	0.008674849999999998	-0.00213802	-0.00418033
3044.29322277283	3598.2094952738566	3394.6482886628587	0.75287509	10.80781651	0.77044749	0.05570580000000008	0.0068979416000000005	-0.0001917573	-0.1090371535	-0.0119187718	-0.0492459165	0.0758245925	0.0142725571	-4.601e-05	0.0282946256	-0.0041035787	0.0050048689	0.10184351800000001	-0.0598896127	-0.0249021141	0.0903078742	-0.0854101477	0.01402175	0.042631	0.0639482	-0.183356	0.00883355	-0.00256769	-0.00418033
3042.061101842906	3597.2209220165837	3394.057927430465	0.84253275	12.09488773	0.77251333	0.056122800000000014	0.0175174917	-0.0049358967	-0.0612568753	-0.0184605062	-0.091347489	0.008192452	0.0122097996	0.0203303573	0.0179761406	-0.0010506114999999999	0.021651298399999998	0.0390849485	-0.0610554601	-0.022026195699999997	0.088484504	-0.088162843	0.021303972999999997	0.0434535	0.07406799999999998	-0.185735	0.00930838	-0.00231769	-0.00404913
3043.646780414167	3596.4712379357	3393.7773943872335	0.81496906	11.69919968	0.77178138	0.021311099999999993	0.0081445219	0.0001263236	-0.0609990954	-0.021381840899999997	-0.1052413989	-0.026210107200000003	0.0041931332	0.015824191100000003	0.013401523	-0.013168751499999999	0.0277359092	0.0023177395000000003	-0.0622073795	-0.01913018	0.08647949490000001	-0.0905938416	0.0284647545	0.0422577	0.0749103	-0.180166	0.009280900000000003	-0.00231769	-0.00380253
3042.375609742692	3595.563282763456	3393.08068496202	0.70552582	10.12809944	0.76254576	0.07523810000000003	0.0227513574	-0.0242578205	-0.0467252957	-0.0350981864	-0.0955134667	-0.0021311181	0.0124998092	0.0213410222	-0.008429056800000001	-0.0112961733	0.0124652191	-0.0131848203	-0.06334510809999999	-0.0162167092	0.084296963	-0.0926942731	0.035463275	0.0500137	0.08991839999999998	-0.182362	0.00960439	-0.00201342	-0.00418033
3035.565144482685	3594.6393802761736	3392.793608882013	0.79153419	11.36278343	0.77002454	0.0377437	0.022584617999999997	-0.059251246900000006	-0.0461289613	-0.0150886312	-0.08702061789999999	-0.07242153559999999	-0.0025107833	0.0099675266	-0.0163380447	-0.0192595393	0.015836593700000002	-0.021360572400000003	-0.0644683864	-0.0132884419	0.0819413884	-0.0944564733	0.04225964	0.0438198	0.0898801	-0.201214	0.00981529	-0.00197113	-0.00418033
3037.1169380779365	3592.8582495031437	3392.8679040973857	0.80123228	11.50200272	0.77334982	0.06408490000000008	0.0223281325	-0.039700712799999996	0.0081505784	0.012149517	-0.0797352401	-0.0694312651	0.0073865673	-0.0129228652	-0.0329024725	-0.0178775686	0.0208937257	-0.0114219825	-0.0655769581	-0.0103480497	0.0794176065	-0.095874012	0.0488151074	0.0499885	0.0760349	-0.174613	0.00962793	-0.00213317	-0.00418033
3044.3604395007537	3598.5114524750056	3395.6292645591993	0.76382256	10.96497154	0.77643842	0.022453899999999995	0.0080010972	-0.0137772218	0.0628070706	-0.0279244656	-0.0323185724	-0.0388103957	0.0044514122	0.012415915	0.011034794099999998	0.012585484499999999	0.020747713600000002	0.0004542724	-0.06667057030000001	-0.0073982156999999995	0.0767307983	-0.09694171689999999	0.0550923084	0.0499608	0.0779201	-0.183516	0.00957969	-0.00231769	-0.00418033
3044.1308515000283	3595.9866479157026	3395.5860576252708	0.7472735	10.72740364	0.75958127	0.03759440000000001	0.0014136466	-0.0022240839000000003	0.071282493	-0.015863205800000002	0.0097276442	-0.0617257613	0.0043877763	0.0024945139999999998	0.0002510149	0.0172195341	0.0154333596	-0.0339715948	-0.0677489736	-0.0044416313	0.073886479	-0.0976556919	0.0610554601	0.0500099	0.0880364	-0.195965	0.00961552	-0.00205392	-0.00418033
3045.365094462953	3595.464233108299	3393.9774461702864	0.71156812	10.21483898	0.7627371	0.04149549999999994	0.0028741915999999997	0.012806730300000001	0.0966423177	-0.005224152	-0.0003474545	-0.0433383412	0.0006130525	0.0013432251999999998	-0.0127928307	0.0003179979	0.0025992229000000003	-0.0110013645	-0.0688119219	-0.0014809942	0.07089048740000001	-0.098013332	0.06667057030000001	0.0499608	0.08503249999999998	-0.17719299999999996	0.00974515	-0.00231769	-0.00418034
3048.7097490542133	3595.973184855781	3395.8147914000892	0.79346287	11.3904705	0.77938306	0.020255300000000007	0.0057802788	-0.0035144232	0.087606763	-0.012469258799999999	0.0158797841	-0.0208732622	-0.0016842344	-0.0005600234	-0.0005215507	0.0025358016	0.020677323600000002	-0.042154232199999996	-0.06985917280000001	0.0014809942	0.0677489736	-0.098013332	0.07190563030000001	0.0499608	0.0875513	-0.189513	0.00985347	-0.00231769	-0.00418033
3044.516587002449	3597.004791822452	3396.9020010337927	0.76160675	10.93316269	0.78613085	0.04013770000000005	-0.0027350015999999997	-0.008620645500000001	0.0703976634	0.0102704828	0.049354410599999995	-0.030299143900000002	0.0008762039	-0.0091547437	-0.0020138486999999997	0.0332689896	-0.0076780988	0.0209636278	-0.07089048740000001	0.0044416313	0.0644683864	-0.0976556919	0.0767307983	0.0499608	0.104327	-0.194723	0.0102165	-0.00231769	-0.00418034
3046.3252148852557	3596.436298089708	3397.143649199009	0.82354903	11.82236862	0.80068201	0.06054320000000006	-0.0023371246	-0.005205341	0.037066718900000004	0.013963026100000001	0.07004425709999999	0.0100525815	-0.0033748846	-0.0199190992	-0.0091582322	0.0109240266	0.0182530169	0.0068088972	-0.07190563030000001	0.0073982156999999995	0.0610554601	-0.09694171689999999	0.08111856860000001	0.0565875	0.0836975	-0.188696	0.00987159	-0.00231769	-0.00398005
3048.543505212724	3598.625327523529	3397.2679723483534	0.77323407	11.10007763	0.79296887	0.042544300000000014	-0.0075406711	0.030253832999999997	0.022025604	-0.0312489752	0.1002855595	0.061109837699999996	-0.0007497499000000001	-0.0028774766999999997	0.0319018972	0.0272646206	-0.0057672112	0.0237930412	-0.0729043701	0.0103480497	0.0575172008	-0.095874012	0.08504392919999999	0.0615346	0.0864327	-0.195258	0.0102373	-0.00231769	-0.00418034
3049.7610131466804	3596.4964811730592	3396.014916761657	0.77829999	11.17280102	0.79333586	0.021819700000000015	-0.035223565899999996	0.0176802183	-0.0288604596	0.0303658477	0.08671093869999999	0.021800278500000003	-0.0244747944	-0.0070891298	0.0014623229000000001	0.0275544873	0.018438636799999998	0.0100979513	-0.073886479	0.0132884419	0.0538608716	-0.0944564733	0.088484504	0.0600643	0.08330229999999998	-0.212477	0.0102373	-0.00231769	-0.00418034
3047.018957904307	3599.5666197965447	3392.090010328501	0.87527126	12.5648613	0.79780704	0.033910100000000006	-0.0258812698	0.0075805759	-0.08323341320000001	0.0162193743	-0.0019209056	0.0776342762	0.0019381225	-0.0329962412	0.0373652148	0.043062239800000006	0.0124174321	0.0624416141	-0.07485173269999999	0.0162167092	0.0500939782	-0.0926942731	0.0914206801	0.064829	0.0873257	-0.187355	0.0102373	-0.00231769	-0.00418034
3049.293262171713	3598.2112582936084	3393.1336832875354	0.84092653	12.0718298	0.80480707	0.05359780000000009	-0.0102470591	0.031193534900000004	-0.0285499198	-0.0442385048	-0.0903651389	0.0347207702	-0.0061298857	-0.0073507288	0.0167129177	0.045621542	-0.0159186963	0.035814156800000004	-0.0757999113	0.01913018	0.046224253099999994	-0.0905938416	0.09383572009999999	0.0625537	0.0933297	-0.191083	0.0109244	-0.00225218	-0.00410114
3039.662183847399	3593.196348609211	3385.316291291172	1.09074795	15.65811348	1.01921308	0.28025999999999995	0.0578647766	0.07749554269999999	0.1281784699	-0.026050438	0.0157026288	0.0220834393	0.0230679823	0.011547625300000001	-0.051098852400000006	0.0455652217	-0.0832778698	0.019230145900000002	-0.0767307983	0.022026195699999997	0.04225964	-0.088162843	0.0957158574	0.0398321	0.108294	-0.0936219	0.0122884	-0.00137638	-0.0047636
3048.11116058004	3598.7024195690497	3396.8103194898845	1.16770303	16.76283455	1.06633985	0.32180829999999994	0.0581091965	0.116786448	0.09094027539999999	0.0102988595	0.0574832054	0.0270929953	0.0258041806	0.0621710796	-0.0169393176	0.028079276	-0.0491546206	0.0071354049	-0.0776441814	0.0249021141	0.038208277400000004	-0.0854101477	0.09705037429999999	0.0250201	0.148566	-0.0238476	0.00979551	-0.00180091	-0.00374202
3051.4606558821556	3595.533952525759	3399.257990253484	0.9470402	13.59513283	0.90393811	0.1305414	0.0158199152	0.0897165368	0.023256071200000002	0.0524100928	0.1108974135	0.04379411019999999	0.0021964494	0.0378432449	-0.0240955942	0.0174703475	-0.025703474599999998	0.0116683153	-0.0785398523	0.0277553111	0.0340784819	-0.08234580009999999	0.0978316635	0.0465817	0.157589	-0.0940384	0.00961907	-0.00176374	-0.00336031
3046.9727636921143	3594.963455361485	3396.18377670832	0.89122254	12.79384804	0.81214923	0.07740730000000001	0.0005545435	0.067594432	-0.0536268647	0.031637838	0.0139171153	0.0616386837	-4.55306e-05	0.0053966770999999995	-0.0269922163	0.0400168652	-0.0123832808	0.0641540713	-0.0794176065	0.0305831832	0.029878730899999997	-0.0789809816	0.0980552714	0.045675	0.154006	-0.10839	0.0105815	-0.00185602	-0.00347692
3048.966306729721	3594.8988647287542	3393.059330844421	0.8008185	11.49606323	0.80996013	0.010476600000000003	0.0152812048	0.0506156975	-0.0122595458	0.026899802400000002	-0.08399908390000001	0.023615444399999998	0.011880189199999999	0.012781921100000001	-0.023833572400000003	0.0055310311	0.0076962451000000005	-0.0167597399	-0.080277244	0.0333831503	0.0256176456	-0.07532797	0.0977199233	0.0478751	0.153366	-0.101505	0.01059	-0.00185602	-0.00347039
3041.382157568479	3591.008921920617	3389.8946320873633	0.88111097	12.64869308	0.82290018	0.04374959999999996	0.0212395662	-0.0095173146	0.0670806132	0.0088660588	-0.0356118713	-0.0238408002	0.0014624898999999998	-0.0024157421	-0.0607277088	-0.005407540400000001	-0.021844918799999998	-0.0579665169	-0.08111856860000001	0.0361526575	0.021303972999999997	-0.0714000949	0.0968275308	0.0561752	0.156197	-0.108177	0.0108256	-0.00185602	-0.00375372
3038.234174144105	3594.361464253456	3388.1693523728113	0.83384705	11.97020054	0.80577052	0.05097149999999998	0.028454666400000002	-0.0673944075	0.0434972325	-0.0036971847	0.07430228650000001	-0.027803138999999998	0.0081661947	0.0149902514	-0.0149415955	0.0010621778	-0.013894916799999999	-0.0507538488	-0.0819413884	0.038889177999999996	0.0169465682	-0.06721168849999999	0.095383181	0.0618482	0.16817299999999996	-0.113256	0.0106883	-0.00210393	-0.00357406
3037.405582751132	3593.976885535749	3387.5968897933044	0.84331334	12.10609341	0.80068731	0.049578999999999956	0.038753564500000004	-0.08187637980000001	-0.0002207068	0.020629923999999997	0.0663877733	0.0406729379	-0.003302452	0.0184904694	-0.0421362926	0.0186164816	0.013576257900000001	-0.06402114240000001	-0.0827455156	0.0415902147	0.012554375900000001	-0.06277803400000001	0.09339510720000001	0.0612557	0.16022	-0.104061	0.0108256	-0.00256525	-0.00361221
3035.757113244737	3592.1393381306543	3388.489249916847	0.73284674	10.52030182	0.77885783	0.05817149999999995	0.031865377400000006	-0.0916650118	-0.05678533400000001	0.0300353438	0.0644536314	0.08928348050000001	0.0036195240000000003	0.0025917245000000003	-0.0521858447	0.0117967843	0.0057136515	-0.023236661800000002	-0.0835307668	0.0442533033	0.0081364123	-0.0581153092	0.0908746423	0.0668647	0.153903	-0.114291	0.0106365	-0.00249464	-0.00315161
3036.3346792031807	3591.3840444414727	3389.731309604585	0.71099329	10.20658684	0.77005953	0.07039629999999995	0.014099668300000002	-0.0601085628	-0.0817495152	0.0199241022	0.0021511056	0.0849780087	0.0071479163	-0.011013343500000002	-0.0439032617	0.0078475356	0.007696997099999999	-0.0056370604	-0.084296963	0.046876013700000004	0.0037017465000000003	-0.053240527999999995	0.087836154	0.0780125	0.165501	-0.125884	0.0108256	-0.00245102	-0.00364004
3040.310009266305	3591.513225706933	3388.70976197489	0.76701808	11.01084518	0.7968533	0.08661760000000003	0.0199163984	-0.0559164449	-0.0543743084	0.004648097800000001	-0.08357614299999999	0.0067238367	-0.006344306899999999	0.0016663905	-0.0334577114	0.0016479618	-0.0054373555	-0.0826767046	-0.08504392919999999	0.0494559531	-0.0007405182000000001	-0.0481714778	0.084296963	0.0779334	0.168627	-0.119042	0.0116454	-0.002881	-0.00392167
3036.6556874861194	3592.6022109528003	3390.576407800966	0.80503047	11.55652714	0.80537724	0.059818900000000015	0.0288285235	-0.0908762099	0.0289701664	0.010750993700000001	-0.0618776156	-0.0157381848	0.0103416492	-0.0115485324	-0.049537430199999996	0.0130792892	-0.007493694499999999	-0.0373070142	-0.08577149519999999	0.051990767199999996	-0.0051812628	-0.0429266552	0.080277244	0.08555129999999998	0.15538	-0.126067	0.0117483	-0.002881	-0.00338599
3042.290828149655	3593.085999600189	3390.754854754477	0.9104417	13.06974697	0.81129402	0.08802999999999998	0.0276180052	-0.0647740013	0.0831600416	0.0079761122	0.0121067527	-0.026018930699999998	-6.52163e-05	-0.0019711235999999997	-0.0273962517	0.0438236195	-0.0244247288	-0.0247412669	-0.08647949490000001	0.0544781434	-0.0096113714	-0.0375251979	0.0757999113	0.0821708	0.190737	-0.12624800000000003	0.0126853	-0.002881	-0.00343122
3042.0707832646253	3594.6895462018433	3393.1662840160625	0.7825644	11.23401833	0.78394294	0.0271917	0.022864213799999998	-0.0461491901	0.06847055490000001	0.032868634	0.0570492508	-0.0165119943	-0.0033259827	0.0010058856	-0.021537487400000003	0.0489744426	-0.0192223149	0.0019190189999999999	-0.0871677669	0.0569158121	-0.01402175	-0.031986815099999996	0.07089048740000001	0.0780266	0.171449	-0.126253	0.01268	-0.00295079	-0.00343122
3047.4443872357683	3595.061062545932	3395.3966501994537	0.81261539	11.66541195	0.79942101	0.04406219999999993	0.037424567799999996	0.0090229075	0.0769723842	-0.0005850467	0.0567531353	0.0477410704	0.0080641446	0.014733093400000001	-0.0215661259	0.0546449286	-0.020752585	0.0004369267	-0.087836154	0.059301549	-0.0184033451	-0.026331716	0.0655769581	0.0915188	0.166024	-0.126311	0.0129734	-0.00304846	-0.00354189
3049.4781773265145	3593.6895934534477	3394.789720177486	0.79842025	11.46163559	0.80365592	0.055839699999999985	0.0249227798	0.06749587139999999	0.0266012034	0.0352643541	0.06407267280000001	0.0462845136	-0.0022223532	0.0193129576	-0.016219071	0.050225536900000006	-0.0082459722	-0.0322804618	-0.088484504	0.0616331773	-0.0227471623	-0.0205805353	0.0598896127	0.096578	0.179055	-0.134967	0.0133306	-0.00304522	-0.00332046
3044.287828837871	3591.9371518200105	3392.894836555813	0.77784294	11.16623974	0.78369355	0.05201970000000005	0.0068315758	0.0791740514	-0.00041642510000000003	0.0313257359	0.020998537799999998	0.0775990379	-0.0047234295	-0.0055887087	-0.0443261534	0.044099569500000005	-0.0177837359	0.0429807671	-0.0891126687	0.0639085696	-0.0270442847	-0.014754258400000001	0.0538608716	0.09385230000000003	0.187932	-0.124353	0.0137175	-0.002881	-0.0033654
3048.850406281159	3596.594248632033	3394.421070060249	0.81235605	11.6616888	0.80316436	0.03595760000000004	0.0096459016	0.0411290377	-0.0354738941	0.0120213977	-0.062605701	0.1145989279	0.0122722607	0.0066000514	0.014745578	0.0691409079	0.0012037961999999999	0.0377032219	-0.089720505	0.0661256498	-0.0312858913	-0.0088741449	0.04752510099999999	0.0899342	0.188842	-0.133624	0.013413	-0.002881	-0.00349807
3044.770793475539	3593.6096966037762	3392.881905814617	0.80402154	11.54204369	0.78489375	0.08965629999999998	0.0261499701	0.0230453417	-0.0102898124	0.0188320365	-0.1142083735	0.0204958391	0.0055422922999999995	0.014830101100000001	-0.0265983479	0.0557012225	-0.006693491899999999	-0.0137535639	-0.0903078742	0.06828239480000001	-0.035463275	-0.0029616505	0.0409184175	0.112317	0.193055	-0.143252	0.013947	-0.002881	-0.00296342
3040.6956064627007	3590.4442747764265	3392.259529756594	0.76420361	10.97044182	0.77693218	0.05668149999999999	0.0194943881	-0.0031892516	0.0032714521000000002	0.0169388255	-0.1233914089	-0.0229905479	-0.0203517968	-0.0049284883000000005	-0.049155063799999996	0.0283490673	0.0052754765	-0.0278658044	-0.0908746423	0.0703768369	-0.0395678606	0.0029616505	0.0340784819	0.103326	0.187492	-0.15839	0.0138212	-0.0031643	-0.00283273
3042.298711593052	3591.6302261086494	3391.245310001082	0.7646966	10.97751904	0.7934463	0.1343223	0.015592631200000002	-0.0053408242	0.0314509385	-0.0040576597	-0.0994651158	0.0015292663000000001	-0.0051519527	-0.0201664237	-0.0334222557	0.048520683200000005	0.0037191379	-0.0610345175	-0.0914206801	0.072407065	-0.0435912223	0.0088741449	0.0270442847	0.0832387	0.180697	-0.177271	0.014579	-0.00328777	-0.00372264
3040.1429355886717	3589.4089814957288	3392.131661213274	0.80373114	11.53787518	0.80210483	0.05811380000000003	0.0174060118	-0.0279926621	0.0556291878	0.0035953257	-0.0696745843	-0.0346839171	-0.0031398371000000004	-0.013969336399999999	-0.0465882029	0.030160312400000003	0.0092505332	-0.068358666	-0.0919458628	0.0743712266	-0.04752510099999999	0.014754258400000001	0.019855923799999998	0.0780024	0.184016	-0.185393	0.0140337	-0.00318956	-0.00353742
3030.387935066377	3586.630302092139	3385.8108178818293	1.70279837	24.44433784	1.51263392	0.7099399500000001	-0.017969743899999998	-0.1179942171	0.07676917009999999	0.1131885874	0.0234966533	-0.10436587359999999	-0.0253925692	-0.0393582381	-0.0509083974	-0.0790031334	-0.0212558175	-0.0995905033	-0.0924500708	0.0762675296	-0.051361421399999996	0.0205805353	0.012554375900000001	-0.0871648	0.09774020000000003	-0.166895	0.00925618	-0.000707901	-0.00507822
3043.8300358966717	3592.297609222025	3393.657614029345	1.65740168	23.79265022	1.46151829	0.2627054	-0.049882523600000006	-0.10453879140000001	0.012130686299999999	-0.0309677651	0.1095808865	-0.026144935	-0.011960229199999999	-0.0064908343000000005	0.0277902271	-0.0905426651	-0.016888818700000002	-0.0472482424	-0.092933189	0.0780942437	-0.0550923084	0.026331716	0.0051812628	-0.123375	0.10845	-0.180893	0.00730553	0.000451577	-0.00600384
3045.2660673493874	3595.3154983510435	3393.553792031922	0.95771909	13.74843216	0.91283423	0.15263845	-0.0562940713	-0.0733086717	-0.0515966854	-0.057333742800000004	0.113224419	-0.001537185	-0.0234816188	0.0038785915000000004	0.0513551957	-0.09652587550000001	-0.0139430463	0.021441204	-0.09339510720000001	0.0798497022	-0.058710103300000004	0.031986815099999996	-0.0022213857	-0.0979402	0.111358	-0.186401	0.00856755	-0.000121166	-0.00546285
3045.146709250217	3592.6243288369633	3392.746267926081	0.94267005	13.53239727	0.92072451	0.1979566	-0.041637637400000004	-0.0264035393	-0.057961300099999995	0.007044344100000001	0.0838209734	0.0164910092	-0.0171790702	-0.0114161412	0.0304551125	-0.058524455499999996	0.009392834899999999	-0.0084149255	-0.09383572009999999	0.08153230339999999	-0.0622073795	0.0375251979	-0.0096113714	-0.0521748	0.124134	-0.182122	0.0101001	-0.00128808	-0.00546611
3051.6682532249797	3596.282755096767	3392.8558808244484	0.92098397	13.22108555	0.86425638	0.11909549999999998	-0.0778819542	0.0025898549	-0.1064454059	0.0269208959	-0.0234086	0.0289582028	-0.0161375221	-0.042873438099999994	0.0647056875	-0.019191591799999998	0.020630914	0.0888050868	-0.09425492710000001	0.083140512	-0.0655769581	0.0429266552	-0.0169465682	-0.0240263	0.12421	-0.222919	0.0106935	-0.0014747	-0.00524465
3050.6244576578333	3594.5371251305605	3392.9729387776	0.91515929	13.13747025	0.8314873	0.11862109999999998	-0.0887872125	-0.030301351	-0.07735217929999999	-0.019969866699999998	-0.0727637299	-0.0482106837	-0.0160392563	-0.0583097956	0.0758076645	-0.0276381566	-0.0071601937	0.0146171806	-0.0946526326	0.08467286060000001	-0.0688119219	0.0481714778	-0.0241851625	-0.0105002	0.123526	-0.265898	0.0108826	-0.00186793	-0.00459834
3044.699704178928	3588.493573558162	3391.22937071651	0.89378333	12.83060932	0.87106723	0.15659129000000008	-0.0394451675	0.0052188817	-0.0363286815	-0.0294156153	-0.0863141759	-0.0909471652	-0.0008712969	-0.0261140009	-0.0008763803	-0.0702907849	0.0108851799	-0.0223334294	-0.0950287458	0.08612795109999999	-0.07190563030000001	0.053240527999999995	-0.0312858913	0.007648089999999998	0.14353	-0.168126	0.011029	-0.00198871	-0.00445218
3044.8577879649697	3589.2085582048358	3393.14408783335	0.72650993	10.42933464	0.78150821	0.07710251000000003	-0.0282196167	-0.0054400955	0.0273510758	-0.0056740612	-0.05978212980000001	-0.09124125539999998	-0.008844469399999999	-0.030042810299999997	-0.005144956	-0.0594836785	0.0024224379000000002	-0.0246972657	-0.095383181	0.0875044557	-0.07485173269999999	0.0581153092	-0.038208277400000004	0.0235586	0.126567	-0.153141	0.0108253	-0.00236989	-0.00445218
3041.5142398219073	3590.0116137018467	3392.483859721549	0.91504443	13.13582134	0.86516815	0.16766819999999996	-0.0081499604	-0.020466764	0.0642847481	-0.0509288737	0.0080439703	-0.0474979043	-0.005267201700000001	-0.0057153128000000004	0.00848843	-0.05172278860000001	-0.0304856615	-0.0263932448	-0.0957158574	0.08880111859999999	-0.0776441814	0.06277803400000001	-0.0449128604	0.0299763	0.165053	-0.164546	0.0119657	-0.00278955	-0.00378505
3043.944276672937	3592.9528114716536	3392.831529064022	0.81313241	11.6728344	0.82127917	0.06777880000000006	0.0038989628000000004	0.0013590068	0.0810216735	-0.018765371200000002	0.0772160085	-0.0290137353	0.012492722900000001	0.0047618075	0.0146867503	-0.0253416234	0.006246980500000001	0.0178304491	-0.09602669890000001	0.0900167565	-0.080277244	0.06721168849999999	-0.051361421399999996	0.0377351	0.16157	-0.141354	0.0120494	-0.00300271	-0.00415509
3046.0845624025715	3594.8708166872457	3394.4015336042626	0.79848003	11.4624939	0.79686815	0.04753630000000001	0.0074723306	0.0219739512	0.011582323600000001	-0.0113203825	0.08229910309999999	-0.0050418456	0.0018938577	0.028343293999999998	0.0358472901	-0.0068925133999999996	-0.0103979815	-0.0061605475	-0.09631563480000001	0.09115026039999999	-0.0827455156	0.0714000949	-0.0575172008	0.0358833	0.164417	-0.161199	0.0122709	-0.00291957	-0.0043103
3045.7966092594947	3590.349071709821	3393.995709990606	0.8163563	11.7191143	0.81933045	0.05783010000000002	-0.0094704474	0.0338876782	-0.039234196400000004	0.0294794255	0.06602369849999999	0.0393944527	0.0028297178999999997	0.0067646851	0.007981994000000001	-0.019847884099999998	0.0054116088	0.0305607983	-0.0965825991	0.092200596	-0.08504392919999999	0.07532797	-0.06334510809999999	0.0383904	0.169629	-0.154471	0.013018	-0.0028688	-0.00424051
3048.064136531697	3593.1009051308174	3392.1727643469567	0.83086711	11.92742252	0.80603701	0.06473699999999999	0.0036278294	0.0482077746	-0.0595518834	-0.0069423577	-0.0049651721	0.07540210280000001	0.0055938054000000004	0.0005104766	0.0212646967	0.0034268096999999996	0.009901363100000001	0.0801986236	-0.0968275308	0.0931668048	-0.0871677669	0.0789809816	-0.0688119219	0.0470749	0.171387	-0.139116	0.0126256	-0.00265298	-0.00406994
3045.467855839181	3591.2155157806396	3392.199121802996	0.77559811	11.13401413	0.77973104	0.035530899999999956	0.0170253595	0.033076319300000004	-0.047040249299999996	-0.0189624077	-0.08771993289999999	0.0304801408	0.01714689	0.021021429700000004	0.0048548554	-0.0024249557	-0.0007068017999999999	0.0355473346	-0.09705037429999999	0.0940480054	-0.0891126687	0.08234580009999999	-0.073886479	0.0494918	0.170905	-0.140675	0.012859700000000003	-0.0028931	-0.0039227
3041.4673540795925	3591.335160711986	3392.7369779583782	0.79793578	11.45468044	0.79554296	0.04436220000000003	0.0059207292000000005	0.015898164399999998	-0.030524158500000002	-0.0275100063	-0.130550238	-0.0333714527	-0.0012095953999999999	0.008028167	0.0050069607	-0.0159401643	0.013829268	-0.023990747799999997	-0.09725107849999999	0.09484339369999999	-0.0908746423	0.0854101477	-0.0785398523	0.0463156	0.179184	-0.149415	0.012859700000000003	-0.00284297	-0.00348949
3037.980244283064	3590.194807481526	3393.361237081137	0.73539889	10.55693913	0.77845055	0.0937159	0.012858043799999998	-0.0139155841	0.0443076825	-0.0047091938	-0.08131168150000001	-0.0547830673	0.0010187814	0.0046341781	-0.0108161844	-0.0174261303	0.022460077999999998	-0.036935783300000004	-0.0974295977	0.0955522439	-0.0924500708	0.088162843	-0.0827455156	0.071744	0.168598	-0.134665	0.0125945	-0.00318784	-0.00373845
3042.6638394978163	3589.4564227545075	3393.225948009209	0.79757941	11.44956493	0.76419121	0.060723699999999985	0.0214610039	-0.0223295264	0.0596169538	-0.026273608700000003	-0.0233818064	-0.039589526	0.0026232309999999997	0.0112478944	-0.0224432614	0.0185798237	0.0030242216	-0.024349419	-0.0975858912	0.0961739093	-0.09383572009999999	0.0905938416	-0.08647949490000001	0.0559958	0.179206	-0.155114	0.0126314	-0.00338291	-0.00378485
3043.8737406004248	3592.1525607787994	3393.8501580796496	0.78680843	11.29494286	0.78277045	0.049221200000000014	0.0195192748	-0.0157805947	0.0583212212	-0.023271405099999996	0.036087455	-0.044036495	0.0031151103000000005	0.0100960884	0.0048633651	0.018087216200000002	0.0019797159	0.0326271521	-0.0977199233	0.09670782259999999	-0.0950287458	0.0926942731	-0.089720505	0.0462451	0.184072	-0.15546	0.0129608	-0.00311989	-0.0036921
3044.8178175238813	3592.5090113177325	3393.407899479723	0.78220224	11.22881985	0.78389889	0.0453189	0.0168544089	-0.0032484999	0.0250182757	-0.0024673803	0.0411893919	-0.0231441499	0.005454623100000001	0.020525269	0.0118156867	-0.0031939951000000003	0.009168846	0.0189338688	-0.0978316635	0.0971534967	-0.09602669890000001	0.0944564733	-0.0924500708	0.0461697	0.179965	-0.151166	0.0126641	-0.00338291	-0.00386923
3049.610397885965	3593.7074640627498	3394.551143233612	0.72425336	10.39694023	0.76487619	0.04297530000000008	0.0059229116000000005	0.0400135076	-0.0003260252	-0.0067130009	0.0885892911	0.0029934001000000003	0.0059446748	0.0032628378000000005	0.041759507599999995	0.0149551995	0.0012150805999999999	0.021951301099999997	-0.0979210862	0.097510525	-0.0968275308	0.095874012	-0.0946526326	0.0396964	0.174041	-0.155759	0.0128407	-0.00317331	-0.00400273
3047.700806605252	3591.618045244909	3393.5796971163927	0.73089761	10.49232101	0.77546132	0.07797299999999997	-0.0083774863	0.0493841395	-0.0230254058	0.009047055200000001	0.0807913163	0.0112243454	0.014067431100000001	0.0014765403	0.0141786236	0.013484431299999999	0.004268569	0.0450852888	-0.09798817119999999	0.0977785816	-0.0974295977	0.09694171689999999	-0.09631563480000001	0.0460949	0.189111	-0.171541	0.0132864	-0.00338291	-0.00416188
3047.085898020181	3591.985314314145	3394.445677982877	0.73454076	10.54462051	0.77898467	0.029964000000000005	-0.017803676100000002	0.0532272258	-0.070272923	0.0085642594	0.0156882004	0.0418198222	-0.0061717944	0.0023653223	0.022722932799999998	0.013389643500000001	0.0148902399	0.0453384337	-0.098032903	0.09795742199999999	-0.0978316635	0.0976556919	-0.0974295977	0.0460949	0.173625	-0.171478	0.0129981	-0.00338291	-0.00416188
3054.5822228558463	3592.84927412986	3394.315503979701	0.74440604	10.6862402	0.766366	0.06621199999999998	-0.0191311125	0.07902983400000001	-0.0810637806	-0.012001714699999999	-0.038174884900000004	0.0610766054	0.006138215799999999	0.0028059664	0.0362047608	0.028832394700000003	0.0182938921	0.0367730591	-0.0980552714	0.098046883	-0.098032903	0.098013332	-0.09798817119999999	0.0511184	0.188753	-0.15918099999999996	0.0130152	-0.0033965	-0.0035173
